"id","product_id","robot_id","warehouse_id","current_zone","current_row","current_shelf","name","category","article","stock","min_stock","optimal_stock","status","created_at"
"ih_23ff845ede9c","4e5a9f30-f665-40a3-b15c-a6e9cf7250b6","IQF9","68db2e0c-1613-41ae-a22c-4959cbb08fe6","A",10,"A","Apple MacBook Pro 14 (M3)","Ноутбуки","APНО-809570",99,20,80,"ok","2025-11-05 02:07:43.767607+00"
"ih_827e29e1fbf2","d46a2f93-7b7b-4c07-841d-c693b27b6281","IQF9","68db2e0c-1613-41ae-a22c-4959cbb08fe6","A",11,"A","Asus Zenbook 14 OLED (UX3405)","Ноутбуки","ASНО-343962",99,20,80,"ok","2025-11-05 02:07:50.781776+00"
"ih_4aff19319c5c","50d2595c-facf-4bfa-a1c3-bddb3abcdc09","IQF9","68db2e0c-1613-41ae-a22c-4959cbb08fe6","A",10,"B","OnePlus 12","Смартфоны","ONСМ-539898",100,20,80,"ok","2025-11-05 02:07:57.530362+00"
"ih_ac19c50de441","e9247ff6-ec11-4167-b876-18dbba8698ca","IQF9","68db2e0c-1613-41ae-a22c-4959cbb08fe6","A",11,"B","Xiaomi Redmi Note 13 Pro","Смартфоны","XIСМ-182627",100,20,80,"ok","2025-11-05 02:08:04.225474+00"
"ih_7f4dc69e3063","e5157182-a738-4780-9219-15c4d2243fb1","IQF9","68db2e0c-1613-41ae-a22c-4959cbb08fe6","A",12,"B","Samsung Galaxy S24","Смартфоны","SAСМ-897549",100,20,80,"ok","2025-11-05 02:08:10.96637+00"
"ih_6f533b5c2dc0","0cb000ff-0363-416a-98db-fd6219a79605","IQF9","68db2e0c-1613-41ae-a22c-4959cbb08fe6","A",10,"D","Apple Magic Mouse 2","Мыши","APМЫ-272634",100,20,80,"ok","2025-11-05 02:08:18.796086+00"
"ih_d7a3263410dc","ef365d0c-803e-40be-921d-b22b54707e7d","IQF9","68db2e0c-1613-41ae-a22c-4959cbb08fe6","A",11,"D","Logitech G502 X Lightspeed","Мыши","LOМЫ-399105",100,20,80,"ok","2025-11-05 02:08:25.589473+00"
"ih_2395bdcc378b","4e5a9f30-f665-40a3-b15c-a6e9cf7250b6","IQF9","68db2e0c-1613-41ae-a22c-4959cbb08fe6","A",10,"A","Apple MacBook Pro 14 (M3)","Ноутбуки","APНО-809570",99,20,80,"ok","2025-11-05 02:08:33.45064+00"
"ih_47b6f37a0ad7","50d2595c-facf-4bfa-a1c3-bddb3abcdc09","IQF9","68db2e0c-1613-41ae-a22c-4959cbb08fe6","A",10,"B","OnePlus 12","Смартфоны","ONСМ-539898",100,20,80,"ok","2025-11-05 02:08:40.341878+00"
"ih_963eca888f85","d46a2f93-7b7b-4c07-841d-c693b27b6281","KFKH","68db2e0c-1613-41ae-a22c-4959cbb08fe6","A",11,"A","Asus Zenbook 14 OLED (UX3405)","Ноутбуки","ASНО-343962",99,20,80,"ok","2025-11-05 02:08:44.940482+00"
"ih_0cbf524d30f6","e9247ff6-ec11-4167-b876-18dbba8698ca","IQF9","68db2e0c-1613-41ae-a22c-4959cbb08fe6","A",11,"B","Xiaomi Redmi Note 13 Pro","Смартфоны","XIСМ-182627",100,20,80,"ok","2025-11-05 02:08:53.17999+00"
"ih_7b8fe4ca511f","e5157182-a738-4780-9219-15c4d2243fb1","IQF9","68db2e0c-1613-41ae-a22c-4959cbb08fe6","A",12,"B","Samsung Galaxy S24","Смартфоны","SAСМ-897549",100,20,80,"ok","2025-11-05 02:09:00.404118+00"
"ih_173707ab3ad1","0cb000ff-0363-416a-98db-fd6219a79605","IQF9","68db2e0c-1613-41ae-a22c-4959cbb08fe6","A",10,"D","Apple Magic Mouse 2","Мыши","APМЫ-272634",100,20,80,"ok","2025-11-05 02:09:08.094+00"
"ih_7ec176adae95","ef365d0c-803e-40be-921d-b22b54707e7d","IQF9","68db2e0c-1613-41ae-a22c-4959cbb08fe6","A",11,"D","Logitech G502 X Lightspeed","Мыши","LOМЫ-399105",100,20,80,"ok","2025-11-05 02:09:14.731987+00"
"ih_915ded738ad6","4e5a9f30-f665-40a3-b15c-a6e9cf7250b6","IQF9","68db2e0c-1613-41ae-a22c-4959cbb08fe6","A",10,"A","Apple MacBook Pro 14 (M3)","Ноутбуки","APНО-809570",99,20,80,"ok","2025-11-05 02:09:23.72226+00"
"ih_5e4d298a3794","26c88f2f-d08b-425c-9158-fa618a9370c9","KFKH","68db2e0c-1613-41ae-a22c-4959cbb08fe6","A",10,"F","Dell UltraSharp U2723QE","Мониторы","DEМО-375504",100,20,80,"ok","2025-11-05 02:09:26.016052+00"
"ih_33e96cedfa8a","50d2595c-facf-4bfa-a1c3-bddb3abcdc09","IQF9","68db2e0c-1613-41ae-a22c-4959cbb08fe6","A",10,"B","OnePlus 12","Смартфоны","ONСМ-539898",100,20,80,"ok","2025-11-05 02:09:33.28522+00"
"ih_b31dbb5786cf","d46a2f93-7b7b-4c07-841d-c693b27b6281","KFKH","68db2e0c-1613-41ae-a22c-4959cbb08fe6","A",11,"A","Asus Zenbook 14 OLED (UX3405)","Ноутбуки","ASНО-343962",99,20,80,"ok","2025-11-05 02:09:35.15542+00"
"ih_8f80ece80ab3","e9247ff6-ec11-4167-b876-18dbba8698ca","KFKH","68db2e0c-1613-41ae-a22c-4959cbb08fe6","A",11,"B","Xiaomi Redmi Note 13 Pro","Смартфоны","XIСМ-182627",100,20,80,"ok","2025-11-05 02:09:42.467163+00"
"ih_d0f2b69c9742","e5157182-a738-4780-9219-15c4d2243fb1","IQF9","68db2e0c-1613-41ae-a22c-4959cbb08fe6","A",12,"B","Samsung Galaxy S24","Смартфоны","SAСМ-897549",100,20,80,"ok","2025-11-05 02:09:44.971492+00"
"ih_c400d72c7076","0cb000ff-0363-416a-98db-fd6219a79605","IQF9","68db2e0c-1613-41ae-a22c-4959cbb08fe6","A",10,"D","Apple Magic Mouse 2","Мыши","APМЫ-272634",100,20,80,"ok","2025-11-05 02:09:54.079467+00"
"ih_874ca81bfa7a","ef365d0c-803e-40be-921d-b22b54707e7d","IQF9","68db2e0c-1613-41ae-a22c-4959cbb08fe6","A",11,"D","Logitech G502 X Lightspeed","Мыши","LOМЫ-399105",100,20,80,"ok","2025-11-05 02:10:00.943842+00"
"ih_5c81e81a2204","4e5a9f30-f665-40a3-b15c-a6e9cf7250b6","IQF9","68db2e0c-1613-41ae-a22c-4959cbb08fe6","A",10,"A","Apple MacBook Pro 14 (M3)","Ноутбуки","APНО-809570",99,20,80,"ok","2025-11-05 02:10:09.91604+00"
"ih_a8c811a5171b","26c88f2f-d08b-425c-9158-fa618a9370c9","IQF9","68db2e0c-1613-41ae-a22c-4959cbb08fe6","A",10,"F","Dell UltraSharp U2723QE","Мониторы","DEМО-375504",100,20,80,"ok","2025-11-05 02:10:19.226816+00"
"ih_28c935618139","50d2595c-facf-4bfa-a1c3-bddb3abcdc09","IQF9","68db2e0c-1613-41ae-a22c-4959cbb08fe6","A",10,"B","OnePlus 12","Смартфоны","ONСМ-539898",100,20,80,"ok","2025-11-05 02:10:28.474963+00"
"ih_07c59b30a26b","d46a2f93-7b7b-4c07-841d-c693b27b6281","IQF9","68db2e0c-1613-41ae-a22c-4959cbb08fe6","A",11,"A","Asus Zenbook 14 OLED (UX3405)","Ноутбуки","ASНО-343962",98,20,80,"ok","2025-11-05 02:10:35.458238+00"
"ih_6d6a51b1c61e","1d542a0f-3efc-4023-b05a-97a1b23f98d5","IQF9","68db2e0c-1613-41ae-a22c-4959cbb08fe6","A",13,"F","Huawei 5G CPE Pro 2","Роутеры","CPE-1212",100,20,80,"ok","2025-11-05 02:13:09.916325+00"
"ih_bffc83681aef","e9247ff6-ec11-4167-b876-18dbba8698ca","OB42","68db2e0c-1613-41ae-a22c-4959cbb08fe6","A",11,"B","Xiaomi Redmi Note 13 Pro","Смартфоны","XIСМ-182627",99,20,80,"ok","2025-11-05 02:13:21.676445+00"
"ih_b4c60cc5e70b","e5157182-a738-4780-9219-15c4d2243fb1","KFKH","68db2e0c-1613-41ae-a22c-4959cbb08fe6","A",12,"B","Samsung Galaxy S24","Смартфоны","SAСМ-897549",99,20,80,"ok","2025-11-05 02:13:22.377959+00"
"ih_62fa5a7e719d","0cb000ff-0363-416a-98db-fd6219a79605","KFKH","68db2e0c-1613-41ae-a22c-4959cbb08fe6","A",10,"D","Apple Magic Mouse 2","Мыши","APМЫ-272634",99,20,80,"ok","2025-11-05 02:13:30.177285+00"
"ih_445ef4ca551e","ef365d0c-803e-40be-921d-b22b54707e7d","OB42","68db2e0c-1613-41ae-a22c-4959cbb08fe6","A",11,"D","Logitech G502 X Lightspeed","Мыши","LOМЫ-399105",99,20,80,"ok","2025-11-05 02:13:31.055799+00"
"ih_40edf87ce123","26c88f2f-d08b-425c-9158-fa618a9370c9","KFKH","68db2e0c-1613-41ae-a22c-4959cbb08fe6","A",10,"F","Dell UltraSharp U2723QE","Мониторы","DEМО-375504",99,20,80,"ok","2025-11-05 02:13:39.591731+00"
"ih_f5659d23defc","4e5a9f30-f665-40a3-b15c-a6e9cf7250b6","OB42","68db2e0c-1613-41ae-a22c-4959cbb08fe6","A",10,"A","Apple MacBook Pro 14 (M3)","Ноутбуки","APНО-809570",98,20,80,"ok","2025-11-05 02:13:39.868913+00"
"ih_f4ddb206acf3","50d2595c-facf-4bfa-a1c3-bddb3abcdc09","KFKH","68db2e0c-1613-41ae-a22c-4959cbb08fe6","A",10,"B","OnePlus 12","Смартфоны","ONСМ-539898",99,20,80,"ok","2025-11-05 02:13:48.310707+00"
"ih_ac3e3c8f4c3f","d46a2f93-7b7b-4c07-841d-c693b27b6281","PRTK","68db2e0c-1613-41ae-a22c-4959cbb08fe6","A",11,"A","Asus Zenbook 14 OLED (UX3405)","Ноутбуки","ASНО-343962",98,20,80,"ok","2025-11-05 02:14:02.896443+00"
"ih_d1058fc38c01","1d542a0f-3efc-4023-b05a-97a1b23f98d5","KFKH","68db2e0c-1613-41ae-a22c-4959cbb08fe6","A",13,"F","Huawei 5G CPE Pro 2","Роутеры","CPE-1212",100,20,80,"ok","2025-11-05 02:18:14.094424+00"
"ih_121cea779ea4","e5157182-a738-4780-9219-15c4d2243fb1","PRTK","68db2e0c-1613-41ae-a22c-4959cbb08fe6","A",12,"B","Samsung Galaxy S24","Смартфоны","SAСМ-897549",99,20,80,"ok","2025-11-05 02:18:26.577289+00"
"ih_2f0589ef1fbc","e9247ff6-ec11-4167-b876-18dbba8698ca","O840","68db2e0c-1613-41ae-a22c-4959cbb08fe6","A",11,"B","Xiaomi Redmi Note 13 Pro","Смартфоны","XIСМ-182627",99,20,80,"ok","2025-11-05 02:18:31.23097+00"
"ih_3af17639ac2d","ef365d0c-803e-40be-921d-b22b54707e7d","O840","68db2e0c-1613-41ae-a22c-4959cbb08fe6","A",11,"D","Logitech G502 X Lightspeed","Мыши","LOМЫ-399105",99,20,80,"ok","2025-11-05 02:18:40.006474+00"
"ih_750649807373","0cb000ff-0363-416a-98db-fd6219a79605","PRTK","68db2e0c-1613-41ae-a22c-4959cbb08fe6","A",10,"D","Apple Magic Mouse 2","Мыши","APМЫ-272634",99,20,80,"ok","2025-11-05 02:18:43.923239+00"
"ih_3d2a402346cf","26c88f2f-d08b-425c-9158-fa618a9370c9","PRTK","68db2e0c-1613-41ae-a22c-4959cbb08fe6","A",10,"F","Dell UltraSharp U2723QE","Мониторы","DEМО-375504",99,20,80,"ok","2025-11-05 02:18:52.048453+00"
"ih_f6e1369c09db","4e5a9f30-f665-40a3-b15c-a6e9cf7250b6","O840","68db2e0c-1613-41ae-a22c-4959cbb08fe6","A",10,"A","Apple MacBook Pro 14 (M3)","Ноутбуки","APНО-809570",98,20,80,"ok","2025-11-05 02:18:54.044973+00"
"ih_1dac9dd4b497","d46a2f93-7b7b-4c07-841d-c693b27b6281","O840","68db2e0c-1613-41ae-a22c-4959cbb08fe6","A",11,"A","Asus Zenbook 14 OLED (UX3405)","Ноутбуки","ASНО-343962",98,20,80,"ok","2025-11-05 02:19:02.596261+00"
"ih_9a4c7c938a55","50d2595c-facf-4bfa-a1c3-bddb3abcdc09","PRTK","68db2e0c-1613-41ae-a22c-4959cbb08fe6","A",10,"B","OnePlus 12","Смартфоны","ONСМ-539898",99,20,80,"ok","2025-11-05 02:19:06.340044+00"
"ih_adc37021d058","1d542a0f-3efc-4023-b05a-97a1b23f98d5","IQF9","68db2e0c-1613-41ae-a22c-4959cbb08fe6","A",13,"F","Huawei 5G CPE Pro 2","Роутеры","CPE-1212",99,20,80,"ok","2025-11-05 02:21:29.000706+00"
"ih_9e99200552e3","e5157182-a738-4780-9219-15c4d2243fb1","PRTK","68db2e0c-1613-41ae-a22c-4959cbb08fe6","A",12,"B","Samsung Galaxy S24","Смартфоны","SAСМ-897549",98,20,80,"ok","2025-11-05 02:21:53.691107+00"
"ih_f4dbdf300a8f","e9247ff6-ec11-4167-b876-18dbba8698ca","PRTK","68db2e0c-1613-41ae-a22c-4959cbb08fe6","A",11,"B","Xiaomi Redmi Note 13 Pro","Смартфоны","XIСМ-182627",98,20,80,"ok","2025-11-05 02:22:01.070135+00"
"ih_928def6cd906","ef365d0c-803e-40be-921d-b22b54707e7d","PRTK","68db2e0c-1613-41ae-a22c-4959cbb08fe6","A",11,"D","Logitech G502 X Lightspeed","Мыши","LOМЫ-399105",98,20,80,"ok","2025-11-05 02:22:11.446242+00"
"ih_1d9be7731330","0cb000ff-0363-416a-98db-fd6219a79605","OB42","68db2e0c-1613-41ae-a22c-4959cbb08fe6","A",10,"D","Apple Magic Mouse 2","Мыши","APМЫ-272634",98,20,80,"ok","2025-11-05 02:22:24.808832+00"
"ih_1f9387692c7a","26c88f2f-d08b-425c-9158-fa618a9370c9","PRTK","68db2e0c-1613-41ae-a22c-4959cbb08fe6","A",10,"F","Dell UltraSharp U2723QE","Мониторы","DEМО-375504",98,20,80,"ok","2025-11-05 02:22:33.694958+00"
