id,name,category,article,stock,min_stock,optimal_stock,current_zone,current_row,current_shelf,status,last_scanned_at,warehouse_id,created_at
0cb000ff-0363-416a-98db-fd6219a79605,Apple Magic Mouse 2,Мыши,APМЫ-272634,0,20,80,A,10,D,critical,2025-11-10 13:52:33.407046+00,68db2e0c-1613-41ae-a22c-4959cbb08fe6,2025-11-05 02:05:34.075891+00
d46a2f93-7b7b-4c07-841d-c693b27b6281,Asus Zenbook 14 OLED (UX3405),Ноутбуки,ASНО-343962,0,20,80,A,11,A,critical,2025-11-10 13:56:03.830724+00,68db2e0c-1613-41ae-a22c-4959cbb08fe6,2025-11-05 02:02:14.251571+00
e9247ff6-ec11-4167-b876-18dbba8698ca,Xiaomi Redmi Note 13 Pro,Смартфоны,XIСМ-182627,0,20,80,A,11,B,critical,2025-11-10 13:36:59.11092+00,68db2e0c-1613-41ae-a22c-4959cbb08fe6,2025-11-05 02:03:08.553912+00
1d542a0f-3efc-4023-b05a-97a1b23f98d5,Huawei 5G CPE Pro 2,Роутеры,CPE-1212,0,20,80,A,13,F,critical,2025-11-10 13:31:13.580234+00,68db2e0c-1613-41ae-a22c-4959cbb08fe6,2025-11-05 02:10:45.286394+00
1b0db854-2631-4d3a-8c49-633178593431,Apple iPhone 15,Смартфоны,Apple iPhone 15,55,20,80,A,12,A,low,2025-11-10 13:56:01.205366+00,1c21be0f-7a41-4fd2-98f6-829a3308a50a,2025-11-06 18:28:27.190154+00
1cd3add8-961f-4117-8e10-b56e63ad93da,Apple iPhone 15,Смартфоны,RTK-294101,68,20,80,A,11,A,low,2025-11-10 13:54:46.790734+00,1c21be0f-7a41-4fd2-98f6-829a3308a50a,2025-11-06 18:28:07.722639+00
be45d43c-1594-493b-a71d-a689f504f6b7,Товар 1,Оружие,Product1,32,20,80,A,15,B,low,2025-11-10 13:51:37.714777+00,1c21be0f-7a41-4fd2-98f6-829a3308a50a,2025-11-10 00:59:07.081049+00
26c88f2f-d08b-425c-9158-fa618a9370c9,Dell UltraSharp U2723QE,Мониторы,DEМО-375504,0,20,80,A,10,F,critical,2025-11-10 13:57:32.901477+00,68db2e0c-1613-41ae-a22c-4959cbb08fe6,2025-11-05 02:09:18.934521+00
4e5a9f30-f665-40a3-b15c-a6e9cf7250b6,Apple MacBook Pro 14 (M3),Ноутбуки,APНО-809570,0,20,80,A,10,A,critical,2025-11-10 13:43:00.796933+00,68db2e0c-1613-41ae-a22c-4959cbb08fe6,2025-11-05 02:01:57.216632+00
50d2595c-facf-4bfa-a1c3-bddb3abcdc09,OnePlus 12,Смартфоны,ONСМ-539898,0,20,80,A,10,B,critical,2025-11-10 13:39:59.461043+00,68db2e0c-1613-41ae-a22c-4959cbb08fe6,2025-11-05 02:02:45.523206+00
e5157182-a738-4780-9219-15c4d2243fb1,Samsung Galaxy S24,Смартфоны,SAСМ-897549,0,20,80,A,12,B,critical,2025-11-10 13:47:28.908087+00,68db2e0c-1613-41ae-a22c-4959cbb08fe6,2025-11-05 02:04:47.78808+00
56e5261e-2e8f-4a05-a931-8e9441cf8c09,Samsung Galaxy A55,Смартфоны,RTK-997315,66,20,80,A,10,A,low,2025-11-10 13:51:56.928307+00,1c21be0f-7a41-4fd2-98f6-829a3308a50a,2025-11-06 18:27:42.394842+00
ef365d0c-803e-40be-921d-b22b54707e7d,Logitech G502 X Lightspeed,Мыши,LOМЫ-399105,0,20,80,A,11,D,critical,2025-11-10 13:54:46.421534+00,68db2e0c-1613-41ae-a22c-4959cbb08fe6,2025-11-05 02:05:56.826182+00
1fb2ad27-e866-4300-ad7e-96d6e311b754,HP 280M Wireless Mouse,Мыши,HPМЫ-161324,0,20,80,A,10,A,critical,2025-11-10 13:59:15.449029+00,78b74b5c-e459-4f23-b196-79e2b104375d,2025-11-05 02:46:35.553726+00
ed4847d1-a6f2-4025-8445-8b1ccff5a84c,Synth Product 1,Toys,ART-489713,398,39,611,17,5,7,ok,2025-11-10T14:11:00.608538+00:00,68db2e0c-1613-41ae-a22c-4959cbb08fe6,2025-07-29T14:11:00.608538+00:00
156fb299-5bd5-498a-b5f3-9c0fd6886d47,Synth Product 2,Beauty,ART-785024,286,28,579,14,39,5,ok,2025-11-10T14:11:00.609352+00:00,68db2e0c-1613-41ae-a22c-4959cbb08fe6,2025-08-25T14:11:00.609352+00:00
afdc5175-fe49-4401-b4fc-845b4a535cff,Synth Product 3,Tools,ART-264294,252,25,427,18,39,6,ok,2025-11-10T14:11:00.609673+00:00,78b74b5c-e459-4f23-b196-79e2b104375d,2025-05-16T14:11:00.609673+00:00
8261df7c-fee6-4c23-8a21-29916c9627ab,Synth Product 4,Toys,ART-304514,295,29,455,2,28,8,ok,2025-11-10T14:11:00.609876+00:00,78b74b5c-e459-4f23-b196-79e2b104375d,2025-09-18T14:11:00.609876+00:00
d23328b5-7a33-4cfb-b99c-9d1366e36e55,Synth Product 5,Grocery,ART-248706,422,42,541,15,35,4,ok,2025-11-10T14:11:00.610057+00:00,78b74b5c-e459-4f23-b196-79e2b104375d,2025-09-16T14:11:00.610057+00:00
26cdb546-c67f-4541-bed1-43b5727a7338,Synth Product 6,Grocery,ART-800544,250,25,523,15,10,4,ok,2025-11-10T14:11:00.610221+00:00,78b74b5c-e459-4f23-b196-79e2b104375d,2025-04-22T14:11:00.610221+00:00
68feb0ef-945b-4240-9baa-b8226683761e,Synth Product 7,Home,ART-769037,69,6,255,13,46,7,ok,2025-11-10T14:11:00.610384+00:00,1c21be0f-7a41-4fd2-98f6-829a3308a50a,2025-05-29T14:11:00.610384+00:00
3cef50e4-1afa-47dc-a4f5-473dc9d309c2,Synth Product 8,Auto,ART-433413,234,23,365,2,24,8,ok,2025-11-10T14:11:00.610549+00:00,78b74b5c-e459-4f23-b196-79e2b104375d,2025-08-02T14:11:00.610549+00:00
8a971911-27e4-4fad-9a51-5f6905a36eab,Synth Product 9,Toys,ART-397176,108,10,329,5,28,7,ok,2025-11-10T14:11:00.610742+00:00,1c21be0f-7a41-4fd2-98f6-829a3308a50a,2024-10-29T14:11:00.610742+00:00
b01f422b-66a2-43f4-9824-d64a70983508,Synth Product 10,Grocery,ART-730237,122,12,380,2,16,7,ok,2025-11-10T14:11:00.610950+00:00,1c21be0f-7a41-4fd2-98f6-829a3308a50a,2024-12-08T14:11:00.610950+00:00
40de145b-1ad5-4574-aec4-4fcd83b39ce4,Synth Product 11,Tools,ART-908277,412,41,672,6,12,7,ok,2025-11-10T14:11:00.611130+00:00,1c21be0f-7a41-4fd2-98f6-829a3308a50a,2025-02-18T14:11:00.611130+00:00
e4cc7b85-3362-41d3-b970-2b4e83592bf6,Synth Product 12,Beauty,ART-106626,424,42,523,16,39,8,ok,2025-11-10T14:11:00.611296+00:00,68db2e0c-1613-41ae-a22c-4959cbb08fe6,2025-02-08T14:11:00.611296+00:00
5ee853ec-e9b6-41f6-8e55-d77149e43adf,Synth Product 13,Beauty,ART-600081,367,36,486,9,25,6,ok,2025-11-10T14:11:00.611448+00:00,1c21be0f-7a41-4fd2-98f6-829a3308a50a,2025-09-28T14:11:00.611448+00:00
183ee63a-fb48-4732-b70f-7d4719bad2bf,Synth Product 14,Toys,ART-701561,160,16,238,13,24,8,ok,2025-11-10T14:11:00.611632+00:00,68db2e0c-1613-41ae-a22c-4959cbb08fe6,2025-03-16T14:11:00.611632+00:00
a31f6cb5-ece9-49a0-9189-90d8c65a6856,Synth Product 15,Grocery,ART-608835,394,39,587,11,5,6,ok,2025-11-10T14:11:00.611910+00:00,68db2e0c-1613-41ae-a22c-4959cbb08fe6,2024-12-21T14:11:00.611910+00:00
f08e48e4-c18b-488a-9e6a-c39f4c589b19,Synth Product 16,Tools,ART-493045,321,32,378,19,11,3,ok,2025-11-10T14:11:00.612119+00:00,68db2e0c-1613-41ae-a22c-4959cbb08fe6,2025-05-13T14:11:00.612119+00:00
6064cce1-6f88-4b2d-a32b-021105254de0,Synth Product 17,Home,ART-839506,434,43,492,2,42,3,ok,2025-11-10T14:11:00.612287+00:00,78b74b5c-e459-4f23-b196-79e2b104375d,2024-11-06T14:11:00.612287+00:00
904194f2-b371-4255-bb7e-fa1ec9a44432,Synth Product 18,Electronics,ART-601328,245,24,460,10,39,9,ok,2025-11-10T14:11:00.612435+00:00,68db2e0c-1613-41ae-a22c-4959cbb08fe6,2025-02-08T14:11:00.612435+00:00
6c941eb7-3a2b-4788-ac82-91c59b9951e7,Synth Product 19,Beauty,ART-389093,232,23,386,4,17,1,ok,2025-11-10T14:11:00.612601+00:00,1c21be0f-7a41-4fd2-98f6-829a3308a50a,2025-09-02T14:11:00.612601+00:00
fa1b3b8c-7b6e-4f1b-84a4-ddc7e932e61c,Synth Product 20,Grocery,ART-515689,397,39,627,14,8,9,ok,2025-11-10T14:11:00.612757+00:00,68db2e0c-1613-41ae-a22c-4959cbb08fe6,2025-04-09T14:11:00.612757+00:00
cd5dca0f-0617-4fa9-97e8-834311129671,Synth Product 21,Grocery,ART-546062,118,11,292,9,9,4,ok,2025-11-10T14:11:00.612992+00:00,78b74b5c-e459-4f23-b196-79e2b104375d,2025-07-15T14:11:00.612992+00:00
f333deab-3abb-418a-9b87-db800550171e,Synth Product 22,Grocery,ART-425630,357,35,564,19,5,4,ok,2025-11-10T14:11:00.613151+00:00,68db2e0c-1613-41ae-a22c-4959cbb08fe6,2025-08-29T14:11:00.613151+00:00
e8714cb1-b271-4455-a593-0d70c80cdbb7,Synth Product 23,Auto,ART-545558,482,48,623,14,23,3,ok,2025-11-10T14:11:00.613328+00:00,1c21be0f-7a41-4fd2-98f6-829a3308a50a,2025-01-02T14:11:00.613328+00:00
b59e0a51-296d-4251-b064-2bed24da9b81,Synth Product 24,Home,ART-745200,168,16,412,15,23,7,ok,2025-11-10T14:11:00.614113+00:00,78b74b5c-e459-4f23-b196-79e2b104375d,2025-07-03T14:11:00.614113+00:00
0162b6c4-8925-4838-a9ef-b07e1b10a855,Synth Product 25,Auto,ART-214819,93,9,254,9,35,2,ok,2025-11-10T14:11:00.614389+00:00,68db2e0c-1613-41ae-a22c-4959cbb08fe6,2025-01-18T14:11:00.614389+00:00
0bf59f5f-cfc2-4d2c-989a-d04e0bfef889,Synth Product 26,Toys,ART-259095,413,41,607,9,42,1,ok,2025-11-10T14:11:00.614685+00:00,68db2e0c-1613-41ae-a22c-4959cbb08fe6,2025-01-04T14:11:00.614685+00:00
d2851a1d-7d60-4e8f-9c00-5cebf58ad0e1,Synth Product 27,Toys,ART-377800,373,37,588,12,7,6,ok,2025-11-10T14:11:00.614984+00:00,1c21be0f-7a41-4fd2-98f6-829a3308a50a,2025-09-06T14:11:00.614984+00:00
147ca40d-280c-48f4-bfce-0519693bbe15,Synth Product 28,Beauty,ART-474226,332,33,403,15,3,2,ok,2025-11-10T14:11:00.615179+00:00,1c21be0f-7a41-4fd2-98f6-829a3308a50a,2025-04-12T14:11:00.615179+00:00
1e68263d-2d4d-46c9-a282-bce734faa17a,Synth Product 29,Home,ART-709931,198,19,413,2,9,6,ok,2025-11-10T14:11:00.615339+00:00,68db2e0c-1613-41ae-a22c-4959cbb08fe6,2024-12-22T14:11:00.615339+00:00
1ab8d90f-774e-4d6a-b55b-11aa47b59c74,Synth Product 30,Auto,ART-622954,184,18,465,9,17,6,ok,2025-11-10T14:11:00.615543+00:00,68db2e0c-1613-41ae-a22c-4959cbb08fe6,2025-03-07T14:11:00.615543+00:00
6a83cd6c-76ed-4375-97d8-e872d27d14f2,Synth Product 31,Auto,ART-476339,60,6,147,10,23,8,ok,2025-11-10T14:11:00.615759+00:00,68db2e0c-1613-41ae-a22c-4959cbb08fe6,2025-09-17T14:11:00.615759+00:00
89d05927-a257-4ecf-84b4-8b6959f463dd,Synth Product 32,Grocery,ART-541635,174,17,345,9,46,2,ok,2025-11-10T14:11:00.615971+00:00,68db2e0c-1613-41ae-a22c-4959cbb08fe6,2025-03-14T14:11:00.615971+00:00
9edbffd3-4dcc-43ea-9724-436974ea731d,Synth Product 33,Home,ART-958394,263,26,514,7,27,5,ok,2025-11-10T14:11:00.616153+00:00,1c21be0f-7a41-4fd2-98f6-829a3308a50a,2024-12-01T14:11:00.616153+00:00
35f3e593-a4e5-4d83-a67d-ee1ec8c3692b,Synth Product 34,Tools,ART-843661,178,17,233,1,44,5,ok,2025-11-10T14:11:00.616320+00:00,1c21be0f-7a41-4fd2-98f6-829a3308a50a,2025-08-21T14:11:00.616320+00:00
69313782-4603-4132-b928-75ffebb844b5,Synth Product 35,Electronics,ART-699389,299,29,427,13,6,3,ok,2025-11-10T14:11:00.616490+00:00,68db2e0c-1613-41ae-a22c-4959cbb08fe6,2025-07-13T14:11:00.616490+00:00
2e0df7c2-a407-4345-a69f-2c50b425a6de,Synth Product 36,Auto,ART-791781,378,37,609,7,6,6,ok,2025-11-10T14:11:00.616691+00:00,1c21be0f-7a41-4fd2-98f6-829a3308a50a,2024-11-07T14:11:00.616691+00:00
a9dd0c7c-0786-430c-9ec1-4042af5e1881,Synth Product 37,Electronics,ART-227135,153,15,262,11,27,4,ok,2025-11-10T14:11:00.616910+00:00,78b74b5c-e459-4f23-b196-79e2b104375d,2025-06-19T14:11:00.616910+00:00
e46a7122-811f-4e18-a4b1-0029c771f671,Synth Product 38,Auto,ART-385424,257,25,509,4,47,6,ok,2025-11-10T14:11:00.617079+00:00,78b74b5c-e459-4f23-b196-79e2b104375d,2025-06-26T14:11:00.617079+00:00
ae294700-1dcd-44e6-a9f8-921c0fc8b12e,Synth Product 39,Home,ART-992243,281,28,557,18,9,2,ok,2025-11-10T14:11:00.617231+00:00,1c21be0f-7a41-4fd2-98f6-829a3308a50a,2025-03-28T14:11:00.617231+00:00
afda51cb-8b22-4a15-87b1-a03a2ee67218,Synth Product 40,Auto,ART-993137,184,18,342,3,44,1,ok,2025-11-10T14:11:00.617384+00:00,68db2e0c-1613-41ae-a22c-4959cbb08fe6,2025-01-08T14:11:00.617384+00:00
810853e1-c00a-4c47-b2dd-98366f79e761,Synth Product 41,Auto,ART-204382,450,45,555,10,24,3,ok,2025-11-10T14:11:00.617590+00:00,78b74b5c-e459-4f23-b196-79e2b104375d,2025-10-03T14:11:00.617590+00:00
8446de4d-5579-4209-8b91-ab0b2dce26f1,Synth Product 42,Tools,ART-436291,201,20,416,17,5,7,ok,2025-11-10T14:11:00.618159+00:00,78b74b5c-e459-4f23-b196-79e2b104375d,2025-01-08T14:11:00.618159+00:00
e3b49350-42b6-4493-862a-b9111c6ea4ee,Synth Product 43,Auto,ART-952957,168,16,219,5,2,2,ok,2025-11-10T14:11:00.618509+00:00,1c21be0f-7a41-4fd2-98f6-829a3308a50a,2025-09-16T14:11:00.618509+00:00
be0b2d5a-1b0d-428e-859c-fd440566aee3,Synth Product 44,Beauty,ART-261341,451,45,539,7,30,7,ok,2025-11-10T14:11:00.618718+00:00,78b74b5c-e459-4f23-b196-79e2b104375d,2024-11-22T14:11:00.618718+00:00
3e33b296-d970-4e55-bc94-db98a5929710,Synth Product 45,Tools,ART-998224,138,13,258,15,16,9,ok,2025-11-10T14:11:00.618992+00:00,68db2e0c-1613-41ae-a22c-4959cbb08fe6,2025-04-10T14:11:00.618992+00:00
65332e25-8ba4-4322-93a9-5ef7d12acd0a,Synth Product 46,Auto,ART-112542,245,24,330,4,12,3,ok,2025-11-10T14:11:00.619156+00:00,1c21be0f-7a41-4fd2-98f6-829a3308a50a,2025-08-24T14:11:00.619156+00:00
6558d090-a81e-4ab5-b76d-967a1c7b5a9a,Synth Product 47,Electronics,ART-366881,354,35,646,10,46,7,ok,2025-11-10T14:11:00.619347+00:00,68db2e0c-1613-41ae-a22c-4959cbb08fe6,2025-01-01T14:11:00.619347+00:00
b6201989-bcf9-4dcb-9d63-801fa7d76a9c,Synth Product 48,Auto,ART-823711,237,23,336,1,36,1,ok,2025-11-10T14:11:00.619514+00:00,1c21be0f-7a41-4fd2-98f6-829a3308a50a,2025-01-11T14:11:00.619514+00:00
7790eb96-9013-44c6-b653-3c6f4295f320,Synth Product 49,Electronics,ART-610553,108,10,266,18,4,4,ok,2025-11-10T14:11:00.619687+00:00,78b74b5c-e459-4f23-b196-79e2b104375d,2024-10-16T14:11:00.619687+00:00
07807a9a-f9d7-4be0-a48b-bac6d54464cd,Synth Product 50,Toys,ART-696577,109,10,281,6,47,5,ok,2025-11-10T14:11:00.619893+00:00,68db2e0c-1613-41ae-a22c-4959cbb08fe6,2025-06-28T14:11:00.619893+00:00
5ba94983-2f40-4175-8fb2-e53927f6d930,Synth Product 51,Electronics,ART-637241,466,46,640,11,8,6,ok,2025-11-10T14:11:00.620074+00:00,78b74b5c-e459-4f23-b196-79e2b104375d,2024-12-04T14:11:00.620074+00:00
8fc8c091-77c6-4b90-8975-c78be9fabdc9,Synth Product 52,Beauty,ART-477202,375,37,460,1,48,2,ok,2025-11-10T14:11:00.620230+00:00,68db2e0c-1613-41ae-a22c-4959cbb08fe6,2025-03-05T14:11:00.620230+00:00
becb92d0-0d20-44fa-8dff-f2b09da588d3,Synth Product 53,Beauty,ART-488871,469,46,703,9,32,8,ok,2025-11-10T14:11:00.620425+00:00,68db2e0c-1613-41ae-a22c-4959cbb08fe6,2024-12-02T14:11:00.620425+00:00
8c9180c1-c8b2-4895-a507-79dfaf47c664,Synth Product 54,Tools,ART-846484,348,34,425,5,40,5,ok,2025-11-10T14:11:00.620589+00:00,68db2e0c-1613-41ae-a22c-4959cbb08fe6,2025-07-17T14:11:00.620589+00:00
d483a528-e7ba-4e71-9e93-71a8c7be7750,Synth Product 55,Grocery,ART-939900,288,28,529,17,37,6,ok,2025-11-10T14:11:00.620739+00:00,1c21be0f-7a41-4fd2-98f6-829a3308a50a,2025-06-26T14:11:00.620739+00:00
f8f35d3c-27ff-4ea9-afe9-86792793e990,Synth Product 56,Auto,ART-483293,103,10,246,3,32,9,ok,2025-11-10T14:11:00.620925+00:00,1c21be0f-7a41-4fd2-98f6-829a3308a50a,2024-11-25T14:11:00.620925+00:00
dc0ffe43-3416-4aa8-8c5b-9a948ca88d9f,Synth Product 57,Home,ART-341822,254,25,436,5,49,7,ok,2025-11-10T14:11:00.621090+00:00,68db2e0c-1613-41ae-a22c-4959cbb08fe6,2024-12-04T14:11:00.621090+00:00
2dd1776d-c020-4cbc-af7f-c2a0f581ba04,Synth Product 58,Auto,ART-159902,481,48,557,10,30,4,ok,2025-11-10T14:11:00.621243+00:00,78b74b5c-e459-4f23-b196-79e2b104375d,2025-08-18T14:11:00.621243+00:00
e94b48eb-c7b0-45ef-81d1-20f15129e80f,Synth Product 59,Tools,ART-931024,421,42,550,3,45,9,ok,2025-11-10T14:11:00.621408+00:00,68db2e0c-1613-41ae-a22c-4959cbb08fe6,2025-03-04T14:11:00.621408+00:00
f3099315-7308-4139-9751-8fde82564f16,Synth Product 60,Grocery,ART-238251,120,12,241,9,6,5,ok,2025-11-10T14:11:00.621603+00:00,68db2e0c-1613-41ae-a22c-4959cbb08fe6,2025-10-04T14:11:00.621603+00:00
c5e466b5-e8f8-4c82-aa27-17a821be4592,Synth Product 61,Home,ART-847893,74,7,172,2,22,6,ok,2025-11-10T14:11:00.621760+00:00,78b74b5c-e459-4f23-b196-79e2b104375d,2025-04-04T14:11:00.621760+00:00
a52d4765-a1ce-4170-a0aa-3e729c187f7e,Synth Product 62,Beauty,ART-386191,411,41,559,19,25,7,ok,2025-11-10T14:11:00.621912+00:00,78b74b5c-e459-4f23-b196-79e2b104375d,2024-11-22T14:11:00.621912+00:00
84ed5041-0672-4bac-9183-c23dc63cbf60,Synth Product 63,Electronics,ART-543774,433,43,617,4,44,3,ok,2025-11-10T14:11:00.622257+00:00,78b74b5c-e459-4f23-b196-79e2b104375d,2025-07-19T14:11:00.622257+00:00
f2190c3e-6b2f-4278-81ad-d6d4f6ad6622,Synth Product 64,Auto,ART-474635,339,33,531,6,3,1,ok,2025-11-10T14:11:00.622444+00:00,68db2e0c-1613-41ae-a22c-4959cbb08fe6,2025-05-26T14:11:00.622444+00:00
02b6b9a4-4774-444f-a5e9-fea259d3aa4c,Synth Product 65,Electronics,ART-183988,285,28,558,16,6,1,ok,2025-11-10T14:11:00.622650+00:00,78b74b5c-e459-4f23-b196-79e2b104375d,2025-05-15T14:11:00.622650+00:00
64101875-70d1-4ae6-932b-9ba819c5369e,Synth Product 66,Beauty,ART-859216,360,36,434,16,45,3,ok,2025-11-10T14:11:00.655059+00:00,78b74b5c-e459-4f23-b196-79e2b104375d,2024-10-14T14:11:00.655059+00:00
69b0f3e1-c28d-4f11-b2f2-e3c5f66a05df,Synth Product 67,Beauty,ART-665036,410,41,604,13,31,8,ok,2025-11-10T14:11:00.655588+00:00,68db2e0c-1613-41ae-a22c-4959cbb08fe6,2025-01-11T14:11:00.655588+00:00
2e704f18-3048-4dac-83c9-fa5b97e1f9b7,Synth Product 68,Tools,ART-562800,421,42,605,19,43,8,ok,2025-11-10T14:11:00.655840+00:00,68db2e0c-1613-41ae-a22c-4959cbb08fe6,2025-04-23T14:11:00.655840+00:00
15d11f2b-9799-435b-948e-3c1e53dd1239,Synth Product 69,Grocery,ART-324818,223,22,444,6,3,2,ok,2025-11-10T14:11:00.656031+00:00,78b74b5c-e459-4f23-b196-79e2b104375d,2025-05-04T14:11:00.656031+00:00
8c139818-74b7-48bf-9425-43934c46db41,Synth Product 70,Grocery,ART-309312,124,12,278,7,19,5,ok,2025-11-10T14:11:00.656201+00:00,1c21be0f-7a41-4fd2-98f6-829a3308a50a,2025-05-29T14:11:00.656201+00:00
dca58c61-fd77-4581-af13-17f1b912995b,Synth Product 71,Tools,ART-264624,197,19,355,14,12,3,ok,2025-11-10T14:11:00.656365+00:00,78b74b5c-e459-4f23-b196-79e2b104375d,2024-12-22T14:11:00.656365+00:00
320dd5e4-2b08-47e4-b185-556db773d844,Synth Product 72,Beauty,ART-532818,351,35,630,15,17,5,ok,2025-11-10T14:11:00.656530+00:00,78b74b5c-e459-4f23-b196-79e2b104375d,2025-03-27T14:11:00.656530+00:00
abe169a9-543d-43a9-9c8f-3e1f46eb2966,Synth Product 73,Grocery,ART-282120,431,43,603,16,28,5,ok,2025-11-10T14:11:00.656726+00:00,78b74b5c-e459-4f23-b196-79e2b104375d,2025-01-01T14:11:00.656726+00:00
2b9d07b5-3315-4a12-b7b8-d13bcb050417,Synth Product 74,Home,ART-761403,82,8,204,1,10,6,ok,2025-11-10T14:11:00.656932+00:00,1c21be0f-7a41-4fd2-98f6-829a3308a50a,2025-01-27T14:11:00.656932+00:00
7a605845-064d-4e54-9b22-dc97be1c9998,Synth Product 75,Electronics,ART-957259,437,43,716,12,32,1,ok,2025-11-10T14:11:00.657098+00:00,1c21be0f-7a41-4fd2-98f6-829a3308a50a,2025-02-23T14:11:00.657098+00:00
c1a771b7-bb05-45ab-9990-9999ea7b1829,Synth Product 76,Toys,ART-942344,311,31,382,14,7,9,ok,2025-11-10T14:11:00.657250+00:00,78b74b5c-e459-4f23-b196-79e2b104375d,2024-10-22T14:11:00.657250+00:00
31df2bbe-079a-4e80-8849-8f5d275fffe0,Synth Product 77,Grocery,ART-500667,410,41,561,15,49,8,ok,2025-11-10T14:11:00.657401+00:00,68db2e0c-1613-41ae-a22c-4959cbb08fe6,2024-11-01T14:11:00.657401+00:00
02c779da-3d20-48ba-90d2-dbf882818381,Synth Product 78,Beauty,ART-631067,90,9,203,1,5,5,ok,2025-11-10T14:11:00.657553+00:00,78b74b5c-e459-4f23-b196-79e2b104375d,2025-02-26T14:11:00.657553+00:00
ab77344b-3544-4f08-aef2-e0f987bebca3,Synth Product 79,Toys,ART-107068,127,12,209,11,24,5,ok,2025-11-10T14:11:00.657724+00:00,68db2e0c-1613-41ae-a22c-4959cbb08fe6,2025-02-02T14:11:00.657724+00:00
d77c0a04-fb39-4a4f-922a-772a43a3394f,Synth Product 80,Auto,ART-819319,377,37,617,10,25,3,ok,2025-11-10T14:11:00.657925+00:00,1c21be0f-7a41-4fd2-98f6-829a3308a50a,2025-03-04T14:11:00.657925+00:00
1263bb17-d48c-4ab9-bb5f-e44aa9c91881,Synth Product 81,Electronics,ART-807359,469,46,730,3,36,1,ok,2025-11-10T14:11:00.658080+00:00,68db2e0c-1613-41ae-a22c-4959cbb08fe6,2025-04-14T14:11:00.658080+00:00
bc1da95c-cc20-4ae4-b1fc-bbd2731336e0,Synth Product 82,Auto,ART-796888,377,37,531,4,33,7,ok,2025-11-10T14:11:00.658233+00:00,1c21be0f-7a41-4fd2-98f6-829a3308a50a,2025-06-10T14:11:00.658233+00:00
bd3a0a92-d6b3-4d56-bd80-6180b51e6ada,Synth Product 83,Beauty,ART-671047,454,45,708,6,39,4,ok,2025-11-10T14:11:00.658384+00:00,78b74b5c-e459-4f23-b196-79e2b104375d,2025-03-29T14:11:00.658384+00:00
2ff5c8e9-2ae5-4110-8f88-98c7297a3f62,Synth Product 84,Auto,ART-233004,190,19,279,2,46,5,ok,2025-11-10T14:11:00.658533+00:00,68db2e0c-1613-41ae-a22c-4959cbb08fe6,2025-05-02T14:11:00.658533+00:00
3099c7ae-3020-4237-8a3f-788b7ebc9130,Synth Product 85,Beauty,ART-258399,222,22,303,11,47,9,ok,2025-11-10T14:11:00.658680+00:00,78b74b5c-e459-4f23-b196-79e2b104375d,2025-05-31T14:11:00.658680+00:00
beddec1c-78b4-46b5-90dd-a1bf6a54c887,Synth Product 86,Electronics,ART-438723,325,32,494,13,49,1,ok,2025-11-10T14:11:00.658892+00:00,78b74b5c-e459-4f23-b196-79e2b104375d,2025-01-19T14:11:00.658892+00:00
de5e2232-9d93-4073-b7b7-95ae0a7e66fd,Synth Product 87,Electronics,ART-343870,478,47,633,17,44,6,ok,2025-11-10T14:11:00.659069+00:00,78b74b5c-e459-4f23-b196-79e2b104375d,2025-08-27T14:11:00.659069+00:00
edc7e1cc-2f14-4a58-ba22-7fa24e87d83c,Synth Product 88,Electronics,ART-717486,265,26,462,11,1,1,ok,2025-11-10T14:11:00.659232+00:00,68db2e0c-1613-41ae-a22c-4959cbb08fe6,2025-04-26T14:11:00.659232+00:00
391deddf-c05b-4d1a-be6e-78560d438267,Synth Product 89,Tools,ART-971478,421,42,578,9,16,4,ok,2025-11-10T14:11:00.659385+00:00,78b74b5c-e459-4f23-b196-79e2b104375d,2025-10-07T14:11:00.659385+00:00
70906ee5-ffb5-435b-83d5-6d776aa584f3,Synth Product 90,Beauty,ART-803163,281,28,560,11,6,4,ok,2025-11-10T14:11:00.659545+00:00,68db2e0c-1613-41ae-a22c-4959cbb08fe6,2024-10-08T14:11:00.659545+00:00
bc842646-4be9-4f06-ae9b-37a97eb3f7ab,Synth Product 91,Home,ART-800189,445,44,666,16,3,1,ok,2025-11-10T14:11:00.659709+00:00,68db2e0c-1613-41ae-a22c-4959cbb08fe6,2025-02-07T14:11:00.659709+00:00
1ea8d728-b39e-407f-9a4d-2f72acdbb9a7,Synth Product 92,Electronics,ART-685111,60,6,276,12,5,7,ok,2025-11-10T14:11:00.659872+00:00,78b74b5c-e459-4f23-b196-79e2b104375d,2024-11-14T14:11:00.659872+00:00
3f2999df-1d5b-479e-81ff-74463fae770a,Synth Product 93,Home,ART-507962,63,6,174,3,42,7,ok,2025-11-10T14:11:00.660075+00:00,78b74b5c-e459-4f23-b196-79e2b104375d,2024-12-16T14:11:00.660075+00:00
39eb1bf2-0d11-4c76-9eaf-42715da142a8,Synth Product 94,Tools,ART-690641,56,5,333,18,2,1,ok,2025-11-10T14:11:00.660235+00:00,68db2e0c-1613-41ae-a22c-4959cbb08fe6,2025-10-09T14:11:00.660235+00:00
e488edfe-68fe-4604-bc28-00a9dac1c271,Synth Product 95,Grocery,ART-982041,73,7,327,16,48,3,ok,2025-11-10T14:11:00.660386+00:00,68db2e0c-1613-41ae-a22c-4959cbb08fe6,2025-06-27T14:11:00.660386+00:00
5b2d04fc-9510-4b93-8e01-a381e1e138e9,Synth Product 96,Grocery,ART-820866,160,16,224,19,46,2,ok,2025-11-10T14:11:00.660533+00:00,78b74b5c-e459-4f23-b196-79e2b104375d,2024-12-30T14:11:00.660533+00:00
9e07e14f-6993-404c-9f45-cd74d9416dda,Synth Product 97,Beauty,ART-501894,364,36,618,1,23,2,ok,2025-11-10T14:11:00.660709+00:00,78b74b5c-e459-4f23-b196-79e2b104375d,2025-08-30T14:11:00.660709+00:00
f90d2448-279b-465e-aebd-90163c7de79f,Synth Product 98,Toys,ART-770668,363,36,539,11,31,1,ok,2025-11-10T14:11:00.660879+00:00,68db2e0c-1613-41ae-a22c-4959cbb08fe6,2024-12-01T14:11:00.660879+00:00
53de036a-1c85-4855-a999-7e5dbb25b3b5,Synth Product 99,Beauty,ART-147723,119,11,372,4,1,3,ok,2025-11-10T14:11:00.661052+00:00,1c21be0f-7a41-4fd2-98f6-829a3308a50a,2025-09-05T14:11:00.661052+00:00
1c588867-9399-4f43-82dd-f914df63ec23,Synth Product 100,Beauty,ART-650388,285,28,580,10,3,1,ok,2025-11-10T14:11:00.661215+00:00,78b74b5c-e459-4f23-b196-79e2b104375d,2025-02-25T14:11:00.661215+00:00
83ebda8f-566f-438d-b199-d9fd3c7376ab,Synth Product 101,Auto,ART-513036,69,6,173,14,21,2,ok,2025-11-10T14:11:00.661375+00:00,68db2e0c-1613-41ae-a22c-4959cbb08fe6,2025-05-27T14:11:00.661375+00:00
79bb6d14-3bb6-454e-b411-f5928ab946eb,Synth Product 102,Tools,ART-982023,396,39,491,12,23,5,ok,2025-11-10T14:11:00.661529+00:00,68db2e0c-1613-41ae-a22c-4959cbb08fe6,2024-12-25T14:11:00.661529+00:00
5f94868c-f9fd-4309-b529-82880818abe5,Synth Product 103,Grocery,ART-501885,336,33,604,3,13,9,ok,2025-11-10T14:11:00.661677+00:00,68db2e0c-1613-41ae-a22c-4959cbb08fe6,2025-03-25T14:11:00.661677+00:00
dd950858-3c4a-45ac-8035-df3f3f7ccd89,Synth Product 104,Toys,ART-729797,238,23,432,5,32,4,ok,2025-11-10T14:11:00.661830+00:00,68db2e0c-1613-41ae-a22c-4959cbb08fe6,2024-10-28T14:11:00.661830+00:00
1318e3a3-6565-4d32-bcf2-40254043d096,Synth Product 105,Toys,ART-721786,116,11,281,8,45,5,ok,2025-11-10T14:11:00.662186+00:00,68db2e0c-1613-41ae-a22c-4959cbb08fe6,2025-08-25T14:11:00.662186+00:00
87909481-bd50-4f5f-9192-342beedab110,Synth Product 106,Auto,ART-350267,488,48,571,2,15,6,ok,2025-11-10T14:11:00.662503+00:00,68db2e0c-1613-41ae-a22c-4959cbb08fe6,2025-05-06T14:11:00.662503+00:00
45dc8bb1-5c23-4fbc-8ce2-353f8717d2c5,Synth Product 107,Grocery,ART-974315,324,32,474,8,8,4,ok,2025-11-10T14:11:00.662729+00:00,78b74b5c-e459-4f23-b196-79e2b104375d,2024-12-05T14:11:00.662729+00:00
660c262d-4e1c-4574-9b12-c183534d51db,Synth Product 108,Grocery,ART-385336,477,47,674,18,2,3,ok,2025-11-10T14:11:00.663064+00:00,68db2e0c-1613-41ae-a22c-4959cbb08fe6,2025-05-10T14:11:00.663064+00:00
fc50b65d-3712-405d-873e-f5d7fc1482e4,Synth Product 109,Home,ART-185717,263,26,349,11,18,6,ok,2025-11-10T14:11:00.663275+00:00,1c21be0f-7a41-4fd2-98f6-829a3308a50a,2025-03-07T14:11:00.663275+00:00
0131d173-3e82-4f08-8348-fdbbe2a45257,Synth Product 110,Grocery,ART-687189,296,29,507,12,16,3,ok,2025-11-10T14:11:00.663490+00:00,78b74b5c-e459-4f23-b196-79e2b104375d,2024-12-24T14:11:00.663490+00:00
9ea24b35-eca1-4d0a-9b19-5915d77492d6,Synth Product 111,Toys,ART-576696,297,29,396,12,26,4,ok,2025-11-10T14:11:00.663701+00:00,1c21be0f-7a41-4fd2-98f6-829a3308a50a,2024-10-21T14:11:00.663701+00:00
6d2e3605-05cd-4bf0-acb0-7e288b191200,Synth Product 112,Toys,ART-897761,413,41,647,3,46,8,ok,2025-11-10T14:11:00.663908+00:00,1c21be0f-7a41-4fd2-98f6-829a3308a50a,2025-04-08T14:11:00.663908+00:00
f4674df8-8ff5-4e54-bb97-09ba503e6855,Synth Product 113,Beauty,ART-321329,284,28,401,6,26,8,ok,2025-11-10T14:11:00.664115+00:00,78b74b5c-e459-4f23-b196-79e2b104375d,2025-05-22T14:11:00.664115+00:00
6bfe31e9-6ae4-4db2-988d-5a0cbaed866e,Synth Product 114,Electronics,ART-164853,68,6,146,17,42,8,ok,2025-11-10T14:11:00.664302+00:00,1c21be0f-7a41-4fd2-98f6-829a3308a50a,2025-09-21T14:11:00.664302+00:00
056c1105-0515-43aa-add2-d358fc605bda,Synth Product 115,Tools,ART-538803,176,17,367,4,36,3,ok,2025-11-10T14:11:00.664483+00:00,68db2e0c-1613-41ae-a22c-4959cbb08fe6,2025-09-17T14:11:00.664483+00:00
07cee45d-f7d6-4ea8-828d-2673c054f8b1,Synth Product 116,Toys,ART-844455,456,45,509,14,42,4,ok,2025-11-10T14:11:00.664656+00:00,78b74b5c-e459-4f23-b196-79e2b104375d,2025-05-27T14:11:00.664656+00:00
0903d3d5-ffbc-49db-8ca2-b52442ef37f5,Synth Product 117,Grocery,ART-701608,119,11,228,3,25,4,ok,2025-11-10T14:11:00.664853+00:00,78b74b5c-e459-4f23-b196-79e2b104375d,2025-04-09T14:11:00.664853+00:00
9c920679-747c-45de-989a-92f16e589d4b,Synth Product 118,Toys,ART-794893,84,8,382,9,16,7,ok,2025-11-10T14:11:00.665047+00:00,78b74b5c-e459-4f23-b196-79e2b104375d,2025-01-30T14:11:00.665047+00:00
261a28cc-d5df-47f9-8d7d-8391e85f4c57,Synth Product 119,Tools,ART-933083,367,36,605,13,17,1,ok,2025-11-10T14:11:00.665260+00:00,68db2e0c-1613-41ae-a22c-4959cbb08fe6,2025-02-04T14:11:00.665260+00:00
089faf25-01dc-4511-825c-aaf373a5f616,Synth Product 120,Toys,ART-247376,390,39,571,14,9,4,ok,2025-11-10T14:11:00.665449+00:00,68db2e0c-1613-41ae-a22c-4959cbb08fe6,2024-12-06T14:11:00.665449+00:00
fd65cb16-69f1-47ae-ae4a-2a611a2ce01b,Synth Product 121,Toys,ART-280432,495,49,784,16,40,9,ok,2025-11-10T14:11:00.665641+00:00,78b74b5c-e459-4f23-b196-79e2b104375d,2025-02-13T14:11:00.665641+00:00
f378e4b0-2a40-4f6e-a58c-8341b69273e0,Synth Product 122,Beauty,ART-453315,276,27,438,7,4,8,ok,2025-11-10T14:11:00.665802+00:00,68db2e0c-1613-41ae-a22c-4959cbb08fe6,2025-01-05T14:11:00.665802+00:00
c5184e91-53d8-464a-8a63-810638c9d912,Synth Product 123,Toys,ART-927037,245,24,414,3,16,2,ok,2025-11-10T14:11:00.666015+00:00,68db2e0c-1613-41ae-a22c-4959cbb08fe6,2025-07-13T14:11:00.666015+00:00
b41d8f1f-305b-448d-bc87-42df056c4b6f,Synth Product 124,Grocery,ART-309566,473,47,534,4,15,2,ok,2025-11-10T14:11:00.666191+00:00,78b74b5c-e459-4f23-b196-79e2b104375d,2025-04-13T14:11:00.666191+00:00
71a4bd1d-cc94-4a93-923d-575391bf1a5e,Synth Product 125,Toys,ART-112516,313,31,543,2,14,3,ok,2025-11-10T14:11:00.666410+00:00,78b74b5c-e459-4f23-b196-79e2b104375d,2024-12-04T14:11:00.666410+00:00
c3ce3cdf-6408-4fd9-98c0-f7e7a0cfc67f,Synth Product 126,Toys,ART-684233,434,43,643,8,33,8,ok,2025-11-10T14:11:00.666598+00:00,78b74b5c-e459-4f23-b196-79e2b104375d,2025-01-02T14:11:00.666598+00:00
91d3b2f0-b284-4511-8ee0-ae90b0b44be1,Synth Product 127,Tools,ART-769299,76,7,307,11,44,4,ok,2025-11-10T14:11:00.666791+00:00,1c21be0f-7a41-4fd2-98f6-829a3308a50a,2024-11-01T14:11:00.666791+00:00
6d93fbcf-6fff-4795-bf31-86ead157f4b2,Synth Product 128,Toys,ART-791764,198,19,368,14,42,4,ok,2025-11-10T14:11:00.666980+00:00,78b74b5c-e459-4f23-b196-79e2b104375d,2025-04-08T14:11:00.666980+00:00
3e805308-7408-4b02-a9cf-c214e3d7a786,Synth Product 129,Grocery,ART-208149,459,45,585,17,19,4,ok,2025-11-10T14:11:00.667196+00:00,1c21be0f-7a41-4fd2-98f6-829a3308a50a,2025-03-10T14:11:00.667196+00:00
3ad44f6a-de43-4bd8-8b21-5b0d98eeb6e5,Synth Product 130,Toys,ART-194481,431,43,613,1,20,9,ok,2025-11-10T14:11:00.667392+00:00,1c21be0f-7a41-4fd2-98f6-829a3308a50a,2024-11-06T14:11:00.667392+00:00
0babe695-2a47-470f-b6bd-92c4453dd776,Synth Product 131,Home,ART-107692,333,33,480,7,16,2,ok,2025-11-10T14:11:00.667595+00:00,1c21be0f-7a41-4fd2-98f6-829a3308a50a,2025-07-08T14:11:00.667595+00:00
57c6b538-d769-4eb6-b0f1-97fc59c83299,Synth Product 132,Grocery,ART-503386,323,32,604,8,16,2,ok,2025-11-10T14:11:00.667782+00:00,68db2e0c-1613-41ae-a22c-4959cbb08fe6,2025-03-04T14:11:00.667782+00:00
2a729b93-e29a-410b-ae7a-a91d1cf1bbfc,Synth Product 133,Home,ART-253253,53,5,206,14,26,6,ok,2025-11-10T14:11:00.668119+00:00,1c21be0f-7a41-4fd2-98f6-829a3308a50a,2025-01-21T14:11:00.668119+00:00
daa504d3-e367-46e6-bbf9-4d3acbe56bc0,Synth Product 134,Auto,ART-529754,411,41,616,19,38,6,ok,2025-11-10T14:11:00.668392+00:00,78b74b5c-e459-4f23-b196-79e2b104375d,2024-11-11T14:11:00.668392+00:00
2e8fbd96-8e30-41a2-b1da-f14e8941746f,Synth Product 135,Auto,ART-661030,374,37,495,15,23,8,ok,2025-11-10T14:11:00.668619+00:00,1c21be0f-7a41-4fd2-98f6-829a3308a50a,2025-09-14T14:11:00.668619+00:00
73a7523c-acc0-4f93-932f-c1e015d3917e,Synth Product 136,Beauty,ART-496079,278,27,511,13,28,9,ok,2025-11-10T14:11:00.668822+00:00,68db2e0c-1613-41ae-a22c-4959cbb08fe6,2025-02-11T14:11:00.668822+00:00
393deab2-4e83-4368-8f69-f589eab030ab,Synth Product 137,Auto,ART-238611,486,48,562,6,41,7,ok,2025-11-10T14:11:00.669013+00:00,1c21be0f-7a41-4fd2-98f6-829a3308a50a,2024-10-17T14:11:00.669013+00:00
5f89fb7f-9c12-4b04-a808-350782c2180e,Synth Product 138,Electronics,ART-211482,336,33,472,6,3,5,ok,2025-11-10T14:11:00.669199+00:00,78b74b5c-e459-4f23-b196-79e2b104375d,2024-12-28T14:11:00.669199+00:00
ac8078cf-3328-472c-8b63-5d2f83848458,Synth Product 139,Auto,ART-873844,270,27,538,9,16,9,ok,2025-11-10T14:11:00.669401+00:00,78b74b5c-e459-4f23-b196-79e2b104375d,2025-07-14T14:11:00.669401+00:00
9212843a-e4fe-4015-8181-e52c7169d4b4,Synth Product 140,Grocery,ART-176337,83,8,331,5,28,5,ok,2025-11-10T14:11:00.669601+00:00,1c21be0f-7a41-4fd2-98f6-829a3308a50a,2024-12-19T14:11:00.669601+00:00
8fe1d4da-c7c4-4171-8532-ea677bf8f1b9,Synth Product 141,Beauty,ART-314542,466,46,627,1,3,4,ok,2025-11-10T14:11:00.669794+00:00,68db2e0c-1613-41ae-a22c-4959cbb08fe6,2024-10-24T14:11:00.669794+00:00
962acac5-e6c3-4ad0-855c-c4f38b3027dd,Synth Product 142,Auto,ART-707774,216,21,293,15,35,6,ok,2025-11-10T14:11:00.669983+00:00,68db2e0c-1613-41ae-a22c-4959cbb08fe6,2024-12-29T14:11:00.669983+00:00
bcc8abdd-c0d2-4dea-89b2-a0723f2a2264,Synth Product 143,Beauty,ART-454092,439,43,673,16,19,1,ok,2025-11-10T14:11:00.670142+00:00,68db2e0c-1613-41ae-a22c-4959cbb08fe6,2024-11-10T14:11:00.670142+00:00
30fcd7c8-8c56-49f2-a6c0-02596afaeb91,Synth Product 144,Home,ART-872311,95,9,300,9,1,9,ok,2025-11-10T14:11:00.670338+00:00,68db2e0c-1613-41ae-a22c-4959cbb08fe6,2025-04-04T14:11:00.670338+00:00
d2f5c6ea-c04a-4ddb-9a24-b2ec9eef1000,Synth Product 145,Electronics,ART-783681,354,35,536,8,35,9,ok,2025-11-10T14:11:00.670509+00:00,68db2e0c-1613-41ae-a22c-4959cbb08fe6,2025-02-28T14:11:00.670509+00:00
16dd15f6-a01b-436c-83d7-38e80ac8ae7a,Synth Product 146,Tools,ART-867502,164,16,273,10,18,8,ok,2025-11-10T14:11:00.670667+00:00,78b74b5c-e459-4f23-b196-79e2b104375d,2024-11-30T14:11:00.670667+00:00
3c4723a9-ac44-45ef-8759-bf2070a8fc1b,Synth Product 147,Grocery,ART-504074,184,18,411,8,6,3,ok,2025-11-10T14:11:00.670919+00:00,78b74b5c-e459-4f23-b196-79e2b104375d,2025-03-22T14:11:00.670919+00:00
3a277f30-1cd4-4fb8-b9c5-549c9f0c9f14,Synth Product 148,Grocery,ART-176330,439,43,535,13,17,5,ok,2025-11-10T14:11:00.671137+00:00,78b74b5c-e459-4f23-b196-79e2b104375d,2025-01-19T14:11:00.671137+00:00
92b8f389-1055-409f-bc6b-aad96d653a9d,Synth Product 149,Auto,ART-674416,413,41,596,6,38,4,ok,2025-11-10T14:11:00.671290+00:00,1c21be0f-7a41-4fd2-98f6-829a3308a50a,2025-03-28T14:11:00.671290+00:00
85b6ed84-9bf5-40bf-88cd-ac8c9c067fd2,Synth Product 150,Home,ART-997821,103,10,296,17,35,7,ok,2025-11-10T14:11:00.671494+00:00,68db2e0c-1613-41ae-a22c-4959cbb08fe6,2025-03-05T14:11:00.671494+00:00
49bd4807-3f0c-445c-ae2e-e0d5e766e4ac,Synth Product 151,Auto,ART-297541,226,22,399,10,17,2,ok,2025-11-10T14:11:00.671679+00:00,68db2e0c-1613-41ae-a22c-4959cbb08fe6,2025-09-03T14:11:00.671679+00:00
d98b9dfc-8cb2-4cb3-ba21-7d439331febd,Synth Product 152,Tools,ART-281780,87,8,153,11,1,3,ok,2025-11-10T14:11:00.671830+00:00,1c21be0f-7a41-4fd2-98f6-829a3308a50a,2025-04-27T14:11:00.671830+00:00
4050c51b-df6c-4811-b523-a91f52df8c2f,Synth Product 153,Tools,ART-504738,335,33,605,8,44,9,ok,2025-11-10T14:11:00.671978+00:00,78b74b5c-e459-4f23-b196-79e2b104375d,2024-10-20T14:11:00.671978+00:00
eda7d97e-9f10-4c6d-977d-3cb6a9839870,Synth Product 154,Auto,ART-356086,276,27,461,7,44,4,ok,2025-11-10T14:11:00.672169+00:00,78b74b5c-e459-4f23-b196-79e2b104375d,2025-07-17T14:11:00.672169+00:00
8fa57d2b-b988-4fd3-a1a1-d7c05f14c8bc,Synth Product 155,Auto,ART-375408,196,19,468,11,49,7,ok,2025-11-10T14:11:00.672357+00:00,1c21be0f-7a41-4fd2-98f6-829a3308a50a,2025-07-24T14:11:00.672357+00:00
975a919a-7b82-4583-a3d5-b1ecb8afa134,Synth Product 156,Electronics,ART-369444,328,32,541,17,12,3,ok,2025-11-10T14:11:00.672543+00:00,1c21be0f-7a41-4fd2-98f6-829a3308a50a,2025-06-14T14:11:00.672543+00:00
cf3bf5b5-7a42-41ea-a914-656f7243d837,Synth Product 157,Auto,ART-101381,119,11,255,6,3,6,ok,2025-11-10T14:11:00.672716+00:00,68db2e0c-1613-41ae-a22c-4959cbb08fe6,2025-07-11T14:11:00.672716+00:00
2b7046f6-84d4-478c-93b3-35318ec67a5c,Synth Product 158,Grocery,ART-494547,313,31,558,17,24,9,ok,2025-11-10T14:11:00.672866+00:00,78b74b5c-e459-4f23-b196-79e2b104375d,2024-10-08T14:11:00.672866+00:00
78579b8b-471c-4ec2-a489-a1deeb39c12b,Synth Product 159,Beauty,ART-704432,353,35,466,18,14,8,ok,2025-11-10T14:11:00.673018+00:00,1c21be0f-7a41-4fd2-98f6-829a3308a50a,2025-04-20T14:11:00.673018+00:00
1ca91f4b-995e-4733-b665-2405b262ca66,Synth Product 160,Tools,ART-191704,127,12,317,9,32,3,ok,2025-11-10T14:11:00.673211+00:00,68db2e0c-1613-41ae-a22c-4959cbb08fe6,2024-10-23T14:11:00.673211+00:00
56ddd7b8-ed58-413a-bcb7-225ec564f8b6,Synth Product 161,Toys,ART-225701,280,28,563,1,46,9,ok,2025-11-10T14:11:00.673376+00:00,78b74b5c-e459-4f23-b196-79e2b104375d,2025-01-11T14:11:00.673376+00:00
83177a8e-31c1-4080-9cb5-02adcb4586fb,Synth Product 162,Electronics,ART-321459,182,18,242,11,4,9,ok,2025-11-10T14:11:00.673525+00:00,68db2e0c-1613-41ae-a22c-4959cbb08fe6,2025-04-26T14:11:00.673525+00:00
26680ed0-b5e2-4d57-9e4a-790d9c7ea28a,Synth Product 163,Tools,ART-142762,282,28,529,1,42,2,ok,2025-11-10T14:11:00.673731+00:00,68db2e0c-1613-41ae-a22c-4959cbb08fe6,2025-02-18T14:11:00.673731+00:00
32a1f346-a008-47e8-b9ed-814c56390a23,Synth Product 164,Auto,ART-728370,399,39,464,9,11,9,ok,2025-11-10T14:11:00.673898+00:00,1c21be0f-7a41-4fd2-98f6-829a3308a50a,2025-06-22T14:11:00.673898+00:00
12314b9f-7bca-43a8-952b-1912c66620cc,Synth Product 165,Tools,ART-236335,227,22,334,1,15,2,ok,2025-11-10T14:11:00.674047+00:00,1c21be0f-7a41-4fd2-98f6-829a3308a50a,2025-05-11T14:11:00.674047+00:00
aa9c1b23-ca61-4699-9758-48d0f3bd22b2,Synth Product 166,Electronics,ART-557350,123,12,173,6,24,1,ok,2025-11-10T14:11:00.674203+00:00,78b74b5c-e459-4f23-b196-79e2b104375d,2025-06-10T14:11:00.674203+00:00
d6ee961b-8155-4e3d-b275-cef8f3c472aa,Synth Product 167,Beauty,ART-520506,244,24,431,16,26,3,ok,2025-11-10T14:11:00.674404+00:00,1c21be0f-7a41-4fd2-98f6-829a3308a50a,2025-07-19T14:11:00.674404+00:00
c606de7b-8e8c-47da-867b-6869d260f66a,Synth Product 168,Auto,ART-531876,318,31,428,17,34,4,ok,2025-11-10T14:11:00.674557+00:00,68db2e0c-1613-41ae-a22c-4959cbb08fe6,2025-07-19T14:11:00.674557+00:00
cd3fbb07-1f14-473e-bfa2-1c3d62a2d57d,Synth Product 169,Auto,ART-534366,198,19,309,1,25,5,ok,2025-11-10T14:11:00.674741+00:00,78b74b5c-e459-4f23-b196-79e2b104375d,2024-11-26T14:11:00.674741+00:00
b45a1eb1-5ce7-4d87-95b0-3d79070bf48d,Synth Product 170,Grocery,ART-142636,136,13,223,7,7,1,ok,2025-11-10T14:11:00.674936+00:00,78b74b5c-e459-4f23-b196-79e2b104375d,2024-11-06T14:11:00.674936+00:00
49e97691-1ea4-436f-98fc-cc5c0e344bdb,Synth Product 171,Home,ART-834901,54,5,337,1,8,1,ok,2025-11-10T14:11:00.675102+00:00,68db2e0c-1613-41ae-a22c-4959cbb08fe6,2025-01-23T14:11:00.675102+00:00
b7b5408e-fe89-4fe0-8f13-0776e826676d,Synth Product 172,Electronics,ART-612290,263,26,373,5,29,7,ok,2025-11-10T14:11:00.675246+00:00,1c21be0f-7a41-4fd2-98f6-829a3308a50a,2024-12-01T14:11:00.675246+00:00
acc59101-746d-4773-8c7d-5dd848160b42,Synth Product 173,Beauty,ART-579925,52,5,172,12,23,2,ok,2025-11-10T14:11:00.675447+00:00,1c21be0f-7a41-4fd2-98f6-829a3308a50a,2024-11-14T14:11:00.675447+00:00
78a37ddd-67dc-48dc-843e-30d4e334f23a,Synth Product 174,Tools,ART-328836,497,49,760,5,46,6,ok,2025-11-10T14:11:00.675619+00:00,78b74b5c-e459-4f23-b196-79e2b104375d,2025-04-26T14:11:00.675619+00:00
1a49b79b-23aa-43aa-b891-1d53fd070a68,Synth Product 175,Auto,ART-171500,321,32,598,7,36,8,ok,2025-11-10T14:11:00.675795+00:00,78b74b5c-e459-4f23-b196-79e2b104375d,2025-08-18T14:11:00.675795+00:00
db8f5d1d-0a5c-49f2-933f-790fdc92310f,Synth Product 176,Electronics,ART-640659,296,29,545,6,11,5,ok,2025-11-10T14:11:00.675983+00:00,68db2e0c-1613-41ae-a22c-4959cbb08fe6,2025-05-11T14:11:00.675983+00:00
e626e23a-8a14-4e3a-a274-8985afc84b7b,Synth Product 177,Electronics,ART-875690,192,19,447,1,37,4,ok,2025-11-10T14:11:00.676146+00:00,1c21be0f-7a41-4fd2-98f6-829a3308a50a,2025-05-23T14:11:00.676146+00:00
28fe8eb2-ecf3-4625-85b6-fec72c30278e,Synth Product 178,Grocery,ART-752664,365,36,456,17,35,3,ok,2025-11-10T14:11:00.676291+00:00,68db2e0c-1613-41ae-a22c-4959cbb08fe6,2025-01-11T14:11:00.676291+00:00
1843786a-7b08-4bed-9790-4b8908dad52c,Synth Product 179,Auto,ART-233145,192,19,273,12,12,2,ok,2025-11-10T14:11:00.676469+00:00,78b74b5c-e459-4f23-b196-79e2b104375d,2024-12-28T14:11:00.676469+00:00
cd50498e-7e48-4b79-a05c-0d3e2af62b7d,Synth Product 180,Electronics,ART-255649,351,35,574,16,25,2,ok,2025-11-10T14:11:00.676638+00:00,68db2e0c-1613-41ae-a22c-4959cbb08fe6,2024-10-10T14:11:00.676638+00:00
3152959f-dd2d-42d5-922e-9152da0a8737,Synth Product 181,Electronics,ART-598021,51,5,332,19,29,6,ok,2025-11-10T14:11:00.676783+00:00,68db2e0c-1613-41ae-a22c-4959cbb08fe6,2025-05-21T14:11:00.676783+00:00
3cb4657d-e228-4c40-a3ae-d263c1cee8c6,Synth Product 182,Electronics,ART-892341,307,30,581,8,27,2,ok,2025-11-10T14:11:00.676981+00:00,68db2e0c-1613-41ae-a22c-4959cbb08fe6,2025-02-23T14:11:00.676981+00:00
b887daa9-d32d-4592-a2af-66bfa43ee3ee,Synth Product 183,Electronics,ART-502462,172,17,402,12,7,3,ok,2025-11-10T14:11:00.677140+00:00,68db2e0c-1613-41ae-a22c-4959cbb08fe6,2025-06-06T14:11:00.677140+00:00
8caa9cda-ae9c-40eb-9476-f0eb977c6ccb,Synth Product 184,Home,ART-116344,489,48,748,1,30,2,ok,2025-11-10T14:11:00.677287+00:00,1c21be0f-7a41-4fd2-98f6-829a3308a50a,2025-07-18T14:11:00.677287+00:00
9ac8fbb3-26ff-47a7-95ff-2de52b401cae,Synth Product 185,Home,ART-657715,443,44,702,12,10,5,ok,2025-11-10T14:11:00.677453+00:00,78b74b5c-e459-4f23-b196-79e2b104375d,2025-03-31T14:11:00.677453+00:00
b8b8a8af-e4b8-4e39-8489-fb28f48ea432,Synth Product 186,Toys,ART-753191,388,38,607,15,28,3,ok,2025-11-10T14:11:00.677642+00:00,1c21be0f-7a41-4fd2-98f6-829a3308a50a,2025-01-04T14:11:00.677642+00:00
06873799-c10a-48f2-b2a5-c17f89673c40,Synth Product 187,Tools,ART-931803,492,49,579,10,47,1,ok,2025-11-10T14:11:00.677818+00:00,78b74b5c-e459-4f23-b196-79e2b104375d,2025-09-28T14:11:00.677818+00:00
078e2a1a-058f-4d0f-a587-8e29eb7f2812,Synth Product 188,Tools,ART-467164,211,21,391,18,5,7,ok,2025-11-10T14:11:00.678000+00:00,78b74b5c-e459-4f23-b196-79e2b104375d,2024-11-16T14:11:00.678000+00:00
a85ef763-10da-40a8-8847-b0c3982e5e2b,Synth Product 189,Grocery,ART-521917,227,22,317,3,18,9,ok,2025-11-10T14:11:00.678167+00:00,1c21be0f-7a41-4fd2-98f6-829a3308a50a,2025-07-05T14:11:00.678167+00:00
135cc5a7-feb6-40a1-879e-74ae9849d280,Synth Product 190,Auto,ART-873083,356,35,455,19,45,3,ok,2025-11-10T14:11:00.678327+00:00,68db2e0c-1613-41ae-a22c-4959cbb08fe6,2025-07-25T14:11:00.678327+00:00
9e92ab52-c934-42d8-98e5-cb322491f1ed,Synth Product 191,Beauty,ART-679990,261,26,530,17,32,4,ok,2025-11-10T14:11:00.678471+00:00,1c21be0f-7a41-4fd2-98f6-829a3308a50a,2025-05-12T14:11:00.678471+00:00
2092cfc1-742d-433a-b030-74ee319d774f,Synth Product 192,Grocery,ART-758021,89,8,324,11,39,9,ok,2025-11-10T14:11:00.678665+00:00,1c21be0f-7a41-4fd2-98f6-829a3308a50a,2025-03-15T14:11:00.678665+00:00
770ee63b-d5c2-4da3-9b43-dbe915317e59,Synth Product 193,Auto,ART-729540,97,9,341,17,43,8,ok,2025-11-10T14:11:00.678858+00:00,1c21be0f-7a41-4fd2-98f6-829a3308a50a,2025-04-08T14:11:00.678858+00:00
48acaf4a-0c5e-4060-a320-eb90a7fe58fc,Synth Product 194,Toys,ART-769239,51,5,152,9,2,2,ok,2025-11-10T14:11:00.679010+00:00,68db2e0c-1613-41ae-a22c-4959cbb08fe6,2024-10-14T14:11:00.679010+00:00
365435fc-02f3-440a-bf44-55acac690a8d,Synth Product 195,Beauty,ART-938140,219,21,470,17,31,4,ok,2025-11-10T14:11:00.679216+00:00,78b74b5c-e459-4f23-b196-79e2b104375d,2025-02-22T14:11:00.679216+00:00
0e2a91b3-8b09-4dfa-a1c9-6a6243efa6b5,Synth Product 196,Toys,ART-622889,206,20,408,8,21,1,ok,2025-11-10T14:11:00.679372+00:00,68db2e0c-1613-41ae-a22c-4959cbb08fe6,2025-03-03T14:11:00.679372+00:00
f3a6055e-9d88-4091-bb21-fe5548ac8692,Synth Product 197,Toys,ART-160914,470,47,646,4,17,4,ok,2025-11-10T14:11:00.679522+00:00,1c21be0f-7a41-4fd2-98f6-829a3308a50a,2025-05-30T14:11:00.679522+00:00
f3ae39c4-4e73-43fe-aa9c-9687639e08f7,Synth Product 198,Tools,ART-246584,396,39,478,6,34,1,ok,2025-11-10T14:11:00.679711+00:00,1c21be0f-7a41-4fd2-98f6-829a3308a50a,2025-06-08T14:11:00.679711+00:00
948c172f-bf06-4405-82c8-24191b9ad49b,Synth Product 199,Home,ART-278377,479,47,710,2,24,7,ok,2025-11-10T14:11:00.679885+00:00,68db2e0c-1613-41ae-a22c-4959cbb08fe6,2025-03-09T14:11:00.679885+00:00
70e0f60d-2579-4c8b-9579-f21d313c0093,Synth Product 200,Toys,ART-281879,204,20,323,19,10,5,ok,2025-11-10T14:11:00.680043+00:00,78b74b5c-e459-4f23-b196-79e2b104375d,2025-04-01T14:11:00.680043+00:00
b3ac85b0-0755-4c39-ba0f-0187802df76d,Synth Product 201,Home,ART-215171,260,26,423,1,1,5,ok,2025-11-10T14:11:00.680235+00:00,68db2e0c-1613-41ae-a22c-4959cbb08fe6,2025-09-08T14:11:00.680235+00:00
0a163bfc-0bfc-4bd0-889d-1f72bc6c1c97,Synth Product 202,Grocery,ART-545955,160,16,373,17,6,3,ok,2025-11-10T14:11:00.680495+00:00,78b74b5c-e459-4f23-b196-79e2b104375d,2025-07-10T14:11:00.680495+00:00
01945f00-9f8b-42ef-a3b1-b9c1b12e505d,Synth Product 203,Beauty,ART-371463,182,18,310,17,38,9,ok,2025-11-10T14:11:00.680762+00:00,68db2e0c-1613-41ae-a22c-4959cbb08fe6,2025-09-03T14:11:00.680762+00:00
07f11319-2e8e-403e-8cb5-f3ca86a534be,Synth Product 204,Tools,ART-957698,326,32,621,12,4,4,ok,2025-11-10T14:11:00.680942+00:00,78b74b5c-e459-4f23-b196-79e2b104375d,2025-08-22T14:11:00.680942+00:00
f513e31e-492f-4509-8877-025d64f1ab85,Synth Product 205,Toys,ART-482644,187,18,292,2,41,8,ok,2025-11-10T14:11:00.681096+00:00,78b74b5c-e459-4f23-b196-79e2b104375d,2025-01-10T14:11:00.681096+00:00
a25884c9-6811-483f-b9dc-e6b6dd022e70,Synth Product 206,Toys,ART-248780,231,23,416,2,13,5,ok,2025-11-10T14:11:00.681244+00:00,1c21be0f-7a41-4fd2-98f6-829a3308a50a,2025-08-13T14:11:00.681244+00:00
33b66b76-7b8c-4f35-9d55-9143cfeac0dc,Synth Product 207,Grocery,ART-571624,433,43,576,14,37,3,ok,2025-11-10T14:11:00.681397+00:00,68db2e0c-1613-41ae-a22c-4959cbb08fe6,2024-12-02T14:11:00.681397+00:00
ee4490c3-2787-46bb-a882-141d075a9c14,Synth Product 208,Electronics,ART-784012,425,42,576,1,38,1,ok,2025-11-10T14:11:00.681548+00:00,1c21be0f-7a41-4fd2-98f6-829a3308a50a,2025-07-27T14:11:00.681548+00:00
73a9ecb0-88d7-473f-899b-0529dae9b17f,Synth Product 209,Electronics,ART-309617,473,47,625,18,36,1,ok,2025-11-10T14:11:00.681702+00:00,1c21be0f-7a41-4fd2-98f6-829a3308a50a,2025-05-22T14:11:00.681702+00:00
4a8dd1af-c4a2-4cd9-96f5-220815acb7e4,Synth Product 210,Grocery,ART-261542,130,13,391,13,21,1,ok,2025-11-10T14:11:00.681910+00:00,68db2e0c-1613-41ae-a22c-4959cbb08fe6,2025-04-28T14:11:00.681910+00:00
fa9dbf56-1d52-494b-b4ea-895da4775e48,Synth Product 211,Grocery,ART-220682,160,16,429,17,29,8,ok,2025-11-10T14:11:00.682064+00:00,68db2e0c-1613-41ae-a22c-4959cbb08fe6,2025-01-08T14:11:00.682064+00:00
9a9f48bf-a88e-44ab-9b30-8468dae77bff,Synth Product 212,Beauty,ART-323565,290,29,472,7,12,3,ok,2025-11-10T14:11:00.682217+00:00,1c21be0f-7a41-4fd2-98f6-829a3308a50a,2025-08-13T14:11:00.682217+00:00
0c9e334a-f849-4213-a526-19fcab0f4513,Synth Product 213,Auto,ART-102770,473,47,541,15,17,5,ok,2025-11-10T14:11:00.682366+00:00,68db2e0c-1613-41ae-a22c-4959cbb08fe6,2025-06-29T14:11:00.682366+00:00
cd7bc937-6c61-49ed-90fb-bf0203244bec,Synth Product 214,Tools,ART-582910,253,25,435,16,22,4,ok,2025-11-10T14:11:00.682512+00:00,1c21be0f-7a41-4fd2-98f6-829a3308a50a,2025-08-24T14:11:00.682512+00:00
6b02e88d-158e-407c-a3df-41cdbedcd1a0,Synth Product 215,Auto,ART-180472,106,10,201,10,41,9,ok,2025-11-10T14:11:00.682665+00:00,1c21be0f-7a41-4fd2-98f6-829a3308a50a,2025-08-18T14:11:00.682665+00:00
0b5bbeb6-dd61-424f-a9ba-22750c87331a,Synth Product 216,Auto,ART-286945,217,21,405,4,13,8,ok,2025-11-10T14:11:00.683015+00:00,68db2e0c-1613-41ae-a22c-4959cbb08fe6,2025-09-30T14:11:00.683015+00:00
bee2dd0f-b20f-409f-b91f-406ddfe2b6eb,Synth Product 217,Auto,ART-101495,103,10,192,7,45,6,ok,2025-11-10T14:11:00.683263+00:00,1c21be0f-7a41-4fd2-98f6-829a3308a50a,2025-09-15T14:11:00.683263+00:00
e9b2479b-23ad-428a-a32d-ccb98d0f68c2,Synth Product 218,Toys,ART-578696,486,48,636,13,10,8,ok,2025-11-10T14:11:00.683568+00:00,1c21be0f-7a41-4fd2-98f6-829a3308a50a,2024-10-11T14:11:00.683568+00:00
6d8ffc4d-c7cc-4af5-b286-a54dbe80eceb,Synth Product 219,Beauty,ART-433788,418,41,672,9,42,2,ok,2025-11-10T14:11:00.683809+00:00,68db2e0c-1613-41ae-a22c-4959cbb08fe6,2024-12-09T14:11:00.683809+00:00
3b6d2f48-157c-4af0-b1cc-d4446caa82a8,Synth Product 220,Toys,ART-145095,356,35,491,18,17,1,ok,2025-11-10T14:11:00.684265+00:00,78b74b5c-e459-4f23-b196-79e2b104375d,2024-12-22T14:11:00.684265+00:00
2d979a62-3b4c-4eaa-8a15-eb36255123b2,Synth Product 221,Beauty,ART-673585,330,33,393,16,41,2,ok,2025-11-10T14:11:00.684655+00:00,1c21be0f-7a41-4fd2-98f6-829a3308a50a,2025-07-26T14:11:00.684655+00:00
e0904d94-7b99-47af-8d12-3f9e6d27f43f,Synth Product 222,Tools,ART-675111,288,28,447,15,1,5,ok,2025-11-10T14:11:00.684892+00:00,78b74b5c-e459-4f23-b196-79e2b104375d,2024-10-09T14:11:00.684892+00:00
cbaba404-75bd-4597-9cec-6188021e3d59,Synth Product 223,Electronics,ART-457768,176,17,445,9,40,2,ok,2025-11-10T14:11:00.685064+00:00,68db2e0c-1613-41ae-a22c-4959cbb08fe6,2025-05-04T14:11:00.685064+00:00
8ffe024f-3769-4078-bed7-d5c93200ca87,Synth Product 224,Toys,ART-453634,404,40,612,3,46,6,ok,2025-11-10T14:11:00.685275+00:00,68db2e0c-1613-41ae-a22c-4959cbb08fe6,2025-06-15T14:11:00.685275+00:00
1e39e796-66f7-4d3a-afe7-9b0d279187c3,Synth Product 225,Toys,ART-372610,376,37,605,13,33,6,ok,2025-11-10T14:11:00.685568+00:00,1c21be0f-7a41-4fd2-98f6-829a3308a50a,2025-09-15T14:11:00.685568+00:00
d3523d00-f8b9-4b79-9b36-8439b831119c,Synth Product 226,Toys,ART-408441,326,32,613,11,9,1,ok,2025-11-10T14:11:00.685785+00:00,1c21be0f-7a41-4fd2-98f6-829a3308a50a,2025-02-03T14:11:00.685785+00:00
4c0079bb-7646-4a8b-8399-9e2a4048889a,Synth Product 227,Electronics,ART-989172,430,43,625,9,15,9,ok,2025-11-10T14:11:00.685992+00:00,78b74b5c-e459-4f23-b196-79e2b104375d,2025-01-08T14:11:00.685992+00:00
bb80415c-b7ad-4596-98ae-731cd88da6bc,Synth Product 228,Toys,ART-578271,174,17,471,15,33,2,ok,2025-11-10T14:11:00.686194+00:00,78b74b5c-e459-4f23-b196-79e2b104375d,2025-06-22T14:11:00.686194+00:00
22bf248e-7e05-4919-b6c8-04a8daf7ecb2,Synth Product 229,Tools,ART-761249,476,47,704,15,20,4,ok,2025-11-10T14:11:00.686420+00:00,1c21be0f-7a41-4fd2-98f6-829a3308a50a,2024-11-15T14:11:00.686420+00:00
fe8b9adf-5017-4c3f-981e-e1c405ebee3b,Synth Product 230,Grocery,ART-558040,117,11,346,14,45,3,ok,2025-11-10T14:11:00.686623+00:00,1c21be0f-7a41-4fd2-98f6-829a3308a50a,2025-05-09T14:11:00.686623+00:00
b7565a93-cb97-4db8-8ca4-d2d42b10bde2,Synth Product 231,Tools,ART-726870,341,34,491,8,23,4,ok,2025-11-10T14:11:00.686881+00:00,68db2e0c-1613-41ae-a22c-4959cbb08fe6,2025-07-08T14:11:00.686881+00:00
bd70c4b1-4247-45a2-bd78-90fd846141ce,Synth Product 232,Tools,ART-700740,422,42,494,3,33,7,ok,2025-11-10T14:11:00.687113+00:00,68db2e0c-1613-41ae-a22c-4959cbb08fe6,2025-02-08T14:11:00.687113+00:00
ef4bc190-8669-45db-92fb-3b082c14d2ac,Synth Product 233,Tools,ART-824504,58,5,329,4,8,8,ok,2025-11-10T14:11:00.687300+00:00,68db2e0c-1613-41ae-a22c-4959cbb08fe6,2024-10-29T14:11:00.687300+00:00
c593760c-5e4d-4f0c-acfa-b7c68f10e453,Synth Product 234,Auto,ART-701063,388,38,499,4,7,8,ok,2025-11-10T14:11:00.687619+00:00,78b74b5c-e459-4f23-b196-79e2b104375d,2025-07-02T14:11:00.687619+00:00
3891d7ba-b7b5-4d34-80da-5ff0be977958,Synth Product 235,Home,ART-352993,112,11,232,13,45,9,ok,2025-11-10T14:11:00.687835+00:00,78b74b5c-e459-4f23-b196-79e2b104375d,2025-01-10T14:11:00.687835+00:00
57e65e4c-6455-4ca7-8f62-cfbaca772807,Synth Product 236,Toys,ART-731251,482,48,667,15,47,6,ok,2025-11-10T14:11:00.688025+00:00,68db2e0c-1613-41ae-a22c-4959cbb08fe6,2025-02-28T14:11:00.688025+00:00
552bfcc3-1f64-450c-9d1b-caaf2e5a01ee,Synth Product 237,Grocery,ART-157715,164,16,290,7,36,9,ok,2025-11-10T14:11:00.688205+00:00,78b74b5c-e459-4f23-b196-79e2b104375d,2025-04-02T14:11:00.688205+00:00
b01660b1-c1be-48df-a422-4d735ad77681,Synth Product 238,Toys,ART-120904,248,24,469,11,20,7,ok,2025-11-10T14:11:00.688366+00:00,1c21be0f-7a41-4fd2-98f6-829a3308a50a,2024-11-22T14:11:00.688366+00:00
e4c2689b-093e-46db-8c43-5101483664bd,Synth Product 239,Toys,ART-258815,324,32,464,18,42,8,ok,2025-11-10T14:11:00.688538+00:00,78b74b5c-e459-4f23-b196-79e2b104375d,2025-06-12T14:11:00.688538+00:00
189ddaad-dc12-4d79-ad34-5c750c3727f9,Synth Product 240,Grocery,ART-540841,435,43,621,9,31,8,ok,2025-11-10T14:11:00.688762+00:00,68db2e0c-1613-41ae-a22c-4959cbb08fe6,2025-06-10T14:11:00.688762+00:00
b492f1be-8d93-4571-aef5-25cdd09f39ab,Synth Product 241,Auto,ART-959006,159,15,309,18,16,8,ok,2025-11-10T14:11:00.688934+00:00,78b74b5c-e459-4f23-b196-79e2b104375d,2024-10-30T14:11:00.688934+00:00
0b4e4199-2fce-4b6d-8126-f4e8b0dacded,Synth Product 242,Auto,ART-788199,59,5,295,5,38,1,ok,2025-11-10T14:11:00.689116+00:00,78b74b5c-e459-4f23-b196-79e2b104375d,2025-04-17T14:11:00.689116+00:00
20f9ec0f-0cc2-40e3-bf80-0d6e607dc312,Synth Product 243,Home,ART-645597,255,25,479,13,32,3,ok,2025-11-10T14:11:00.689297+00:00,1c21be0f-7a41-4fd2-98f6-829a3308a50a,2025-06-21T14:11:00.689297+00:00
9ff13e11-d41c-4fa4-b895-f004ad1363bd,Synth Product 244,Tools,ART-468983,257,25,453,6,11,6,ok,2025-11-10T14:11:00.689462+00:00,68db2e0c-1613-41ae-a22c-4959cbb08fe6,2024-12-14T14:11:00.689462+00:00
3e8d259d-4836-476b-9eea-07f0acb084cd,Synth Product 245,Home,ART-429398,437,43,629,1,2,4,ok,2025-11-10T14:11:00.689636+00:00,68db2e0c-1613-41ae-a22c-4959cbb08fe6,2025-04-26T14:11:00.689636+00:00
6730edfd-71db-4fff-a3b3-2f78f105d810,Synth Product 246,Home,ART-224496,110,11,369,14,38,6,ok,2025-11-10T14:11:00.689850+00:00,78b74b5c-e459-4f23-b196-79e2b104375d,2025-08-30T14:11:00.689850+00:00
e6365a77-8c1d-4139-bb16-3ce6ded1978b,Synth Product 247,Auto,ART-357827,225,22,387,4,47,2,ok,2025-11-10T14:11:00.690008+00:00,68db2e0c-1613-41ae-a22c-4959cbb08fe6,2025-10-02T14:11:00.690008+00:00
18de580f-0671-47ae-96f2-f09d262ed3ba,Synth Product 248,Auto,ART-939609,230,23,434,6,49,6,ok,2025-11-10T14:11:00.690170+00:00,1c21be0f-7a41-4fd2-98f6-829a3308a50a,2025-09-16T14:11:00.690170+00:00
555cbce8-87de-48d3-8d18-0e8f52ddabf0,Synth Product 249,Beauty,ART-324494,112,11,309,6,24,8,ok,2025-11-10T14:11:00.690394+00:00,78b74b5c-e459-4f23-b196-79e2b104375d,2025-07-21T14:11:00.690394+00:00
b015145b-52e4-458a-be8a-789466241b34,Synth Product 250,Grocery,ART-849275,253,25,330,11,9,2,ok,2025-11-10T14:11:00.690558+00:00,1c21be0f-7a41-4fd2-98f6-829a3308a50a,2025-05-08T14:11:00.690558+00:00
b3740c43-6833-4291-a39a-92021889220b,Synth Product 251,Toys,ART-365570,298,29,408,14,40,6,ok,2025-11-10T14:11:00.690733+00:00,1c21be0f-7a41-4fd2-98f6-829a3308a50a,2025-10-11T14:11:00.690733+00:00
c493ca0d-589f-4744-b770-9f7b7f71cdff,Synth Product 252,Electronics,ART-564812,60,6,359,3,5,7,ok,2025-11-10T14:11:00.690977+00:00,78b74b5c-e459-4f23-b196-79e2b104375d,2025-01-15T14:11:00.690977+00:00
2dd6db25-4b0b-405c-832d-320f8cd58d36,Synth Product 253,Tools,ART-367279,489,48,619,9,9,4,ok,2025-11-10T14:11:00.691137+00:00,68db2e0c-1613-41ae-a22c-4959cbb08fe6,2025-07-26T14:11:00.691137+00:00
2ed502c4-29df-4184-b088-c2b036718d2f,Synth Product 254,Beauty,ART-418003,215,21,433,7,39,7,ok,2025-11-10T14:11:00.691298+00:00,68db2e0c-1613-41ae-a22c-4959cbb08fe6,2024-12-08T14:11:00.691298+00:00
a18e29dc-f9e0-4f4a-9d0e-bb3c49757426,Synth Product 255,Tools,ART-455204,419,41,703,7,12,7,ok,2025-11-10T14:11:00.691511+00:00,78b74b5c-e459-4f23-b196-79e2b104375d,2025-01-20T14:11:00.691511+00:00
8d1fbf78-72af-433a-8672-6a07a314a097,Synth Product 256,Home,ART-903727,125,12,297,6,8,6,ok,2025-11-10T14:11:00.691710+00:00,78b74b5c-e459-4f23-b196-79e2b104375d,2024-11-20T14:11:00.691710+00:00
3561e7cf-efb8-4012-a39c-7fb22ae2f7f5,Synth Product 257,Home,ART-377078,93,9,224,11,14,1,ok,2025-11-10T14:11:00.691920+00:00,78b74b5c-e459-4f23-b196-79e2b104375d,2025-04-06T14:11:00.691920+00:00
3c66ca89-b4eb-4bd1-bb25-6bf4175f5c7a,Synth Product 258,Electronics,ART-492684,152,15,202,17,38,1,ok,2025-11-10T14:11:00.692097+00:00,68db2e0c-1613-41ae-a22c-4959cbb08fe6,2025-09-29T14:11:00.692097+00:00
a1612788-f61a-44f7-be47-a7be10e4368b,Synth Product 259,Beauty,ART-407983,343,34,579,4,2,2,ok,2025-11-10T14:11:00.692264+00:00,1c21be0f-7a41-4fd2-98f6-829a3308a50a,2025-09-17T14:11:00.692264+00:00
8547414a-0bfd-4db1-a543-2f284069256f,Synth Product 260,Toys,ART-585047,170,17,425,9,41,1,ok,2025-11-10T14:11:00.692417+00:00,78b74b5c-e459-4f23-b196-79e2b104375d,2025-09-07T14:11:00.692417+00:00
feac3a4b-29ae-4465-9779-5aef5a3e7bf3,Synth Product 261,Beauty,ART-628790,227,22,413,5,17,7,ok,2025-11-10T14:11:00.692652+00:00,1c21be0f-7a41-4fd2-98f6-829a3308a50a,2025-07-29T14:11:00.692652+00:00
72e747dd-0f72-4fa6-8b1c-cbb03a578160,Synth Product 262,Beauty,ART-518211,292,29,529,6,19,4,ok,2025-11-10T14:11:00.692842+00:00,1c21be0f-7a41-4fd2-98f6-829a3308a50a,2025-07-22T14:11:00.692842+00:00
443d94aa-5b42-4cb8-be58-56ef1e992ef3,Synth Product 263,Beauty,ART-965653,143,14,355,3,38,1,ok,2025-11-10T14:11:00.693040+00:00,1c21be0f-7a41-4fd2-98f6-829a3308a50a,2025-06-09T14:11:00.693040+00:00
477afb98-2ba0-4255-8544-e9220dfb9f30,Synth Product 264,Electronics,ART-840796,123,12,216,2,20,7,ok,2025-11-10T14:11:00.693230+00:00,68db2e0c-1613-41ae-a22c-4959cbb08fe6,2024-10-10T14:11:00.693230+00:00
0bc5b40a-81b3-467a-8ada-d3b3f52a031f,Synth Product 265,Grocery,ART-261611,111,11,407,9,45,4,ok,2025-11-10T14:11:00.693389+00:00,78b74b5c-e459-4f23-b196-79e2b104375d,2025-08-05T14:11:00.693389+00:00
f5bc5044-f2b4-4677-8c72-3d89956091ee,Synth Product 266,Auto,ART-885572,478,47,771,9,10,6,ok,2025-11-10T14:11:00.693539+00:00,78b74b5c-e459-4f23-b196-79e2b104375d,2025-07-22T14:11:00.693539+00:00
11266bdd-c243-42f3-837e-55ea897c11e8,Synth Product 267,Tools,ART-326722,345,34,631,14,1,6,ok,2025-11-10T14:11:00.693912+00:00,1c21be0f-7a41-4fd2-98f6-829a3308a50a,2025-01-09T14:11:00.693912+00:00
d96e7ef4-0755-456d-acde-d4203643e3b6,Synth Product 268,Tools,ART-739478,222,22,479,9,2,5,ok,2025-11-10T14:11:00.694147+00:00,1c21be0f-7a41-4fd2-98f6-829a3308a50a,2025-09-23T14:11:00.694147+00:00
3d567d3d-dcb2-40af-bf23-9a36796fddce,Synth Product 269,Toys,ART-657261,320,32,463,5,15,4,ok,2025-11-10T14:11:00.694326+00:00,78b74b5c-e459-4f23-b196-79e2b104375d,2025-07-08T14:11:00.694326+00:00
39da0e3b-73bb-4c2a-8f3b-8b7837499b69,Synth Product 270,Tools,ART-605100,96,9,352,3,19,7,ok,2025-11-10T14:11:00.694480+00:00,78b74b5c-e459-4f23-b196-79e2b104375d,2025-07-03T14:11:00.694480+00:00
844a33e9-8bc6-4bf3-87a0-ad7a7bc1bfe8,Synth Product 271,Tools,ART-505414,284,28,374,11,32,7,ok,2025-11-10T14:11:00.694633+00:00,68db2e0c-1613-41ae-a22c-4959cbb08fe6,2024-12-03T14:11:00.694633+00:00
96403f76-ff4b-49ed-b21c-788f15cb108a,Synth Product 272,Electronics,ART-291049,213,21,263,12,44,7,ok,2025-11-10T14:11:00.694858+00:00,68db2e0c-1613-41ae-a22c-4959cbb08fe6,2025-02-14T14:11:00.694858+00:00
e845ac33-b971-45ea-b845-5439851d9a3f,Synth Product 273,Auto,ART-185548,127,12,386,9,41,5,ok,2025-11-10T14:11:00.695060+00:00,78b74b5c-e459-4f23-b196-79e2b104375d,2024-12-05T14:11:00.695060+00:00
cf5ae23c-ff1b-42c5-9ce4-cd6fe64581d2,Synth Product 274,Tools,ART-293660,263,26,327,10,29,5,ok,2025-11-10T14:11:00.695289+00:00,78b74b5c-e459-4f23-b196-79e2b104375d,2025-07-31T14:11:00.695289+00:00
8ad0f86b-9791-4ac9-bbd9-15de2e2f1ef2,Synth Product 275,Home,ART-903106,355,35,411,2,21,2,ok,2025-11-10T14:11:00.695457+00:00,68db2e0c-1613-41ae-a22c-4959cbb08fe6,2025-09-03T14:11:00.695457+00:00
4ad25c76-e40a-46f6-b15b-24392ed1894d,Synth Product 276,Electronics,ART-221222,284,28,378,13,43,2,ok,2025-11-10T14:11:00.695615+00:00,1c21be0f-7a41-4fd2-98f6-829a3308a50a,2025-06-15T14:11:00.695615+00:00
d8c46f59-b79f-41db-8a7d-b81e1c2e9da7,Synth Product 277,Electronics,ART-572639,212,21,323,7,17,3,ok,2025-11-10T14:11:00.695771+00:00,1c21be0f-7a41-4fd2-98f6-829a3308a50a,2024-11-02T14:11:00.695771+00:00
31e18c32-5dfb-4461-b6ed-fdfb517faca4,Synth Product 278,Beauty,ART-899528,238,23,339,1,46,7,ok,2025-11-10T14:11:00.695956+00:00,1c21be0f-7a41-4fd2-98f6-829a3308a50a,2025-09-05T14:11:00.695956+00:00
719ed0a7-69f5-4138-8df0-e41650bd5318,Synth Product 279,Electronics,ART-513848,98,9,160,12,20,2,ok,2025-11-10T14:11:00.696139+00:00,78b74b5c-e459-4f23-b196-79e2b104375d,2025-07-30T14:11:00.696139+00:00
46183b5a-126d-479d-944a-ba5d36479762,Synth Product 280,Electronics,ART-837827,483,48,721,14,26,2,ok,2025-11-10T14:11:00.696370+00:00,78b74b5c-e459-4f23-b196-79e2b104375d,2024-10-08T14:11:00.696370+00:00
2baab81c-8537-4335-b332-8776c401f660,Synth Product 281,Tools,ART-156094,69,6,171,7,23,9,ok,2025-11-10T14:11:00.696538+00:00,1c21be0f-7a41-4fd2-98f6-829a3308a50a,2025-09-10T14:11:00.696538+00:00
6c64b466-efd2-4524-b1a3-25fdc2982bce,Synth Product 282,Auto,ART-253306,462,46,713,16,48,3,ok,2025-11-10T14:11:00.696698+00:00,1c21be0f-7a41-4fd2-98f6-829a3308a50a,2025-04-10T14:11:00.696698+00:00
d9e7fac1-9bf8-45dd-89b5-0fd2720638bd,Synth Product 283,Auto,ART-960846,272,27,394,8,40,4,ok,2025-11-10T14:11:00.696855+00:00,1c21be0f-7a41-4fd2-98f6-829a3308a50a,2024-12-21T14:11:00.696855+00:00
7c9d66d2-5bea-47af-8124-03fe6ce10ca5,Synth Product 284,Grocery,ART-388976,261,26,343,5,10,9,ok,2025-11-10T14:11:00.697047+00:00,1c21be0f-7a41-4fd2-98f6-829a3308a50a,2025-09-03T14:11:00.697047+00:00
7285a5da-72ad-473f-9ef0-c493eb837e66,Synth Product 285,Grocery,ART-619663,439,43,496,7,33,4,ok,2025-11-10T14:11:00.697227+00:00,78b74b5c-e459-4f23-b196-79e2b104375d,2025-05-02T14:11:00.697227+00:00
32b49faf-185b-4763-915e-9d2e775d7c48,Synth Product 286,Tools,ART-934091,410,41,618,16,46,7,ok,2025-11-10T14:11:00.697461+00:00,1c21be0f-7a41-4fd2-98f6-829a3308a50a,2025-05-20T14:11:00.697461+00:00
dabf445a-6d0e-40f1-ba9e-48fc2ca06f6a,Synth Product 287,Toys,ART-972372,198,19,315,11,19,5,ok,2025-11-10T14:11:00.697627+00:00,78b74b5c-e459-4f23-b196-79e2b104375d,2025-06-26T14:11:00.697627+00:00
1607e23d-543d-4204-bef9-7acfb24490f1,Synth Product 288,Tools,ART-388643,207,20,395,19,17,1,ok,2025-11-10T14:11:00.697784+00:00,1c21be0f-7a41-4fd2-98f6-829a3308a50a,2025-05-24T14:11:00.697784+00:00
438917c3-ce22-4935-ad95-272a2909859a,Synth Product 289,Home,ART-550582,92,9,218,14,48,4,ok,2025-11-10T14:11:00.697935+00:00,1c21be0f-7a41-4fd2-98f6-829a3308a50a,2024-11-26T14:11:00.697935+00:00
3a927d1f-7e79-4f73-9cc4-9f5cbccba5be,Synth Product 290,Beauty,ART-779984,401,40,591,11,13,5,ok,2025-11-10T14:11:00.698122+00:00,68db2e0c-1613-41ae-a22c-4959cbb08fe6,2024-12-10T14:11:00.698122+00:00
d819efc3-5bde-4575-a509-24a32504c781,Synth Product 291,Grocery,ART-194135,467,46,562,13,49,1,ok,2025-11-10T14:11:00.698298+00:00,78b74b5c-e459-4f23-b196-79e2b104375d,2025-02-11T14:11:00.698298+00:00
7a1d2040-5f5f-4cc7-8d68-7105890c6411,Synth Product 292,Electronics,ART-931509,431,43,579,18,29,9,ok,2025-11-10T14:11:00.698553+00:00,78b74b5c-e459-4f23-b196-79e2b104375d,2025-10-10T14:11:00.698553+00:00
48a368f2-cc11-46e5-85cd-5ed9a7a98d38,Synth Product 293,Grocery,ART-922084,67,6,350,11,5,1,ok,2025-11-10T14:11:00.698742+00:00,1c21be0f-7a41-4fd2-98f6-829a3308a50a,2025-06-09T14:11:00.698742+00:00
8b184fb7-df61-4de5-942e-b9195b598cec,Synth Product 294,Home,ART-546775,117,11,380,4,23,5,ok,2025-11-10T14:11:00.698931+00:00,78b74b5c-e459-4f23-b196-79e2b104375d,2025-10-09T14:11:00.698931+00:00
63a38cd8-9bde-47ff-a6bd-ab9c306cebc4,Synth Product 295,Tools,ART-892526,403,40,687,17,49,4,ok,2025-11-10T14:11:00.699095+00:00,1c21be0f-7a41-4fd2-98f6-829a3308a50a,2024-12-01T14:11:00.699095+00:00
0028ae4f-2908-4ca5-8b6b-74a7fee0c765,Synth Product 296,Grocery,ART-244529,76,7,193,9,38,2,ok,2025-11-10T14:11:00.699292+00:00,1c21be0f-7a41-4fd2-98f6-829a3308a50a,2025-04-11T14:11:00.699292+00:00
d69feca9-0be1-4c5b-b380-ceb3db10dc9b,Synth Product 297,Auto,ART-169030,291,29,401,19,39,8,ok,2025-11-10T14:11:00.699484+00:00,68db2e0c-1613-41ae-a22c-4959cbb08fe6,2024-11-30T14:11:00.699484+00:00
32353ec2-165f-49f0-967e-ddcb818a37bd,Synth Product 298,Auto,ART-890331,468,46,666,12,19,2,ok,2025-11-10T14:11:00.699690+00:00,68db2e0c-1613-41ae-a22c-4959cbb08fe6,2025-09-04T14:11:00.699690+00:00
06f7f59c-0247-49a4-a8e8-5a3786c7f23b,Synth Product 299,Toys,ART-320008,414,41,590,11,32,9,ok,2025-11-10T14:11:00.699868+00:00,1c21be0f-7a41-4fd2-98f6-829a3308a50a,2025-01-15T14:11:00.699868+00:00
7104ecf6-ebf0-4d45-9e03-46fda986ca33,Synth Product 300,Auto,ART-432985,459,45,615,3,21,2,ok,2025-11-10T14:11:00.700023+00:00,1c21be0f-7a41-4fd2-98f6-829a3308a50a,2025-08-29T14:11:00.700023+00:00
1dfb5ff1-6ee5-4cef-9ec9-64f0a54f2f8a,Synth Product 301,Beauty,ART-162011,407,40,512,6,35,3,ok,2025-11-10T14:11:00.700179+00:00,78b74b5c-e459-4f23-b196-79e2b104375d,2025-01-14T14:11:00.700179+00:00
9afcaedf-9140-4ae8-a2e7-0c438e6d84cc,Synth Product 302,Auto,ART-568411,79,7,134,10,23,4,ok,2025-11-10T14:11:00.700372+00:00,78b74b5c-e459-4f23-b196-79e2b104375d,2025-01-29T14:11:00.700372+00:00
8a9a9a60-99c7-4655-8844-4aa2e283fe4c,Synth Product 303,Grocery,ART-202240,123,12,329,8,39,6,ok,2025-11-10T14:11:00.700599+00:00,1c21be0f-7a41-4fd2-98f6-829a3308a50a,2025-08-22T14:11:00.700599+00:00
ae9ac66b-e5b7-4fd6-b15f-45839bc3d070,Synth Product 304,Auto,ART-570025,311,31,476,18,11,5,ok,2025-11-10T14:11:00.700817+00:00,68db2e0c-1613-41ae-a22c-4959cbb08fe6,2025-08-21T14:11:00.700817+00:00
b7e9c49c-6216-4f27-a02b-7f4c95b8f237,Synth Product 305,Tools,ART-267156,134,13,307,2,26,9,ok,2025-11-10T14:11:00.700980+00:00,1c21be0f-7a41-4fd2-98f6-829a3308a50a,2025-07-30T14:11:00.700980+00:00
6050890f-a563-4ac8-b516-9f92fe5cf3f0,Synth Product 306,Tools,ART-976974,151,15,403,5,4,6,ok,2025-11-10T14:11:00.701135+00:00,1c21be0f-7a41-4fd2-98f6-829a3308a50a,2025-02-12T14:11:00.701135+00:00
0c6fe6cb-8888-45c3-914c-4e647111f5b7,Synth Product 307,Grocery,ART-423833,442,44,713,9,7,4,ok,2025-11-10T14:11:00.702588+00:00,78b74b5c-e459-4f23-b196-79e2b104375d,2025-05-30T14:11:00.702588+00:00
11660399-4714-49a8-bdac-b107197218af,Synth Product 308,Tools,ART-994187,142,14,325,10,47,6,ok,2025-11-10T14:11:00.703038+00:00,68db2e0c-1613-41ae-a22c-4959cbb08fe6,2025-09-27T14:11:00.703038+00:00
f3ecfe44-950d-4e9d-8c21-f28d9bcb9455,Synth Product 309,Tools,ART-569875,367,36,553,18,20,1,ok,2025-11-10T14:11:00.703235+00:00,68db2e0c-1613-41ae-a22c-4959cbb08fe6,2025-06-18T14:11:00.703235+00:00
0e85a13a-e0fa-4669-b7b8-bd5179a97085,Synth Product 310,Auto,ART-205753,392,39,651,6,3,1,ok,2025-11-10T14:11:00.703448+00:00,78b74b5c-e459-4f23-b196-79e2b104375d,2024-12-07T14:11:00.703448+00:00
25952bcf-df51-484e-8607-704b25d6456d,Synth Product 311,Toys,ART-162302,120,12,350,18,43,6,ok,2025-11-10T14:11:00.703635+00:00,78b74b5c-e459-4f23-b196-79e2b104375d,2025-01-23T14:11:00.703635+00:00
dd902d96-88d1-4510-9476-1855e47ce5d9,Synth Product 312,Auto,ART-156805,406,40,567,4,48,3,ok,2025-11-10T14:11:00.704132+00:00,1c21be0f-7a41-4fd2-98f6-829a3308a50a,2025-06-19T14:11:00.704132+00:00
6fc4886d-702d-4988-ae73-80bbf07b161d,Synth Product 313,Tools,ART-278142,135,13,313,19,10,1,ok,2025-11-10T14:11:00.704360+00:00,78b74b5c-e459-4f23-b196-79e2b104375d,2025-02-04T14:11:00.704360+00:00
d7be8734-5e18-4526-821c-819d862e484c,Synth Product 314,Toys,ART-847016,107,10,333,3,48,6,ok,2025-11-10T14:11:00.704520+00:00,78b74b5c-e459-4f23-b196-79e2b104375d,2024-12-04T14:11:00.704520+00:00
fff4c3c1-1476-45b6-9781-01245bdc9617,Synth Product 315,Electronics,ART-930610,474,47,680,16,15,5,ok,2025-11-10T14:11:00.704675+00:00,1c21be0f-7a41-4fd2-98f6-829a3308a50a,2025-05-21T14:11:00.704675+00:00
7c847721-811a-4b9e-b9e9-cc2ae71a9349,Synth Product 316,Home,ART-974622,484,48,758,9,35,7,ok,2025-11-10T14:11:00.704823+00:00,1c21be0f-7a41-4fd2-98f6-829a3308a50a,2025-04-16T14:11:00.704823+00:00
4e2e75bc-d0d0-442b-b503-7b02a49c0668,Synth Product 317,Tools,ART-351930,255,25,520,7,10,4,ok,2025-11-10T14:11:00.705042+00:00,1c21be0f-7a41-4fd2-98f6-829a3308a50a,2025-08-30T14:11:00.705042+00:00
9210fb0e-0bbb-4f58-adc2-dc04459a586c,Synth Product 318,Toys,ART-801882,375,37,444,14,22,2,ok,2025-11-10T14:11:00.705266+00:00,68db2e0c-1613-41ae-a22c-4959cbb08fe6,2024-11-01T14:11:00.705266+00:00
64086e97-b8b7-4e22-8253-d34eb066bc66,Synth Product 319,Electronics,ART-383697,325,32,396,3,43,2,ok,2025-11-10T14:11:00.705457+00:00,78b74b5c-e459-4f23-b196-79e2b104375d,2025-06-29T14:11:00.705457+00:00
6b217f23-1208-478c-a5d9-e11bcda90e71,Synth Product 320,Tools,ART-564179,418,41,522,13,46,8,ok,2025-11-10T14:11:00.705621+00:00,78b74b5c-e459-4f23-b196-79e2b104375d,2024-10-15T14:11:00.705621+00:00
09228e90-2dc4-4a52-99bc-623f33f465df,Synth Product 321,Electronics,ART-419806,156,15,346,3,46,1,ok,2025-11-10T14:11:00.705772+00:00,68db2e0c-1613-41ae-a22c-4959cbb08fe6,2025-08-18T14:11:00.705772+00:00
3e09f9cd-d9d5-4ad9-9ef7-53c799f9e46a,Synth Product 322,Tools,ART-921203,116,11,308,5,27,6,ok,2025-11-10T14:11:00.705940+00:00,68db2e0c-1613-41ae-a22c-4959cbb08fe6,2025-02-22T14:11:00.705940+00:00
352f8f73-11b9-4609-938b-d40476801f11,Synth Product 323,Beauty,ART-876713,140,14,316,12,32,8,ok,2025-11-10T14:11:00.706175+00:00,78b74b5c-e459-4f23-b196-79e2b104375d,2025-02-22T14:11:00.706175+00:00
06ced906-cd39-4246-a12b-0d82f9b1297c,Synth Product 324,Electronics,ART-181521,107,10,243,9,12,4,ok,2025-11-10T14:11:00.706565+00:00,78b74b5c-e459-4f23-b196-79e2b104375d,2025-05-02T14:11:00.706565+00:00
5ddeca42-fc7c-4c0f-bdb1-b717e79377f7,Synth Product 325,Tools,ART-393026,475,47,737,15,7,5,ok,2025-11-10T14:11:00.706973+00:00,1c21be0f-7a41-4fd2-98f6-829a3308a50a,2025-05-08T14:11:00.706973+00:00
38b9f382-73e8-4b17-b304-48e4031563be,Synth Product 326,Home,ART-687872,327,32,457,4,33,2,ok,2025-11-10T14:11:00.707251+00:00,68db2e0c-1613-41ae-a22c-4959cbb08fe6,2025-05-04T14:11:00.707251+00:00
95da0ddd-d6cd-40d6-bbca-368a38d66e43,Synth Product 327,Beauty,ART-912390,152,15,393,4,36,9,ok,2025-11-10T14:11:00.707509+00:00,78b74b5c-e459-4f23-b196-79e2b104375d,2025-01-02T14:11:00.707509+00:00
84f38be7-ba6d-48c4-aebe-fe77066a5415,Synth Product 328,Grocery,ART-547882,419,41,495,11,26,1,ok,2025-11-10T14:11:00.707731+00:00,68db2e0c-1613-41ae-a22c-4959cbb08fe6,2025-04-06T14:11:00.707731+00:00
4b51145e-560b-48ef-8d07-bd2bb452ba83,Synth Product 329,Auto,ART-189093,246,24,365,10,26,5,ok,2025-11-10T14:11:00.707989+00:00,78b74b5c-e459-4f23-b196-79e2b104375d,2024-11-04T14:11:00.707989+00:00
db89dd81-f4a7-4d0f-ab76-48ca7e80b8e7,Synth Product 330,Beauty,ART-633660,487,48,553,5,12,7,ok,2025-11-10T14:11:00.708225+00:00,1c21be0f-7a41-4fd2-98f6-829a3308a50a,2025-02-18T14:11:00.708225+00:00
1eb2bb4c-f223-4d3f-ab28-7d3aaa9edca6,Synth Product 331,Auto,ART-115590,72,7,271,9,25,9,ok,2025-11-10T14:11:00.708517+00:00,1c21be0f-7a41-4fd2-98f6-829a3308a50a,2025-06-29T14:11:00.708517+00:00
95d66738-ebfc-445b-b655-9c44a9ea2cbe,Synth Product 332,Beauty,ART-839991,372,37,437,14,32,7,ok,2025-11-10T14:11:00.708783+00:00,1c21be0f-7a41-4fd2-98f6-829a3308a50a,2024-12-26T14:11:00.708783+00:00
ee14756a-a5e6-49f8-857a-5762d9050329,Synth Product 333,Grocery,ART-273780,242,24,406,17,38,6,ok,2025-11-10T14:11:00.709077+00:00,78b74b5c-e459-4f23-b196-79e2b104375d,2025-06-22T14:11:00.709077+00:00
9dc3c91a-72a2-47e9-a831-17aa469c5ab9,Synth Product 334,Beauty,ART-704668,245,24,460,18,48,7,ok,2025-11-10T14:11:00.709306+00:00,1c21be0f-7a41-4fd2-98f6-829a3308a50a,2025-05-27T14:11:00.709306+00:00
2d0a2822-7ed5-4aff-adb2-0de35f4c6109,Synth Product 335,Beauty,ART-432398,241,24,448,10,3,7,ok,2025-11-10T14:11:00.709575+00:00,1c21be0f-7a41-4fd2-98f6-829a3308a50a,2025-04-13T14:11:00.709575+00:00
26ec8831-6ee5-48d7-9365-9b146c5bc7a1,Synth Product 336,Grocery,ART-770682,289,28,392,7,7,4,ok,2025-11-10T14:11:00.709829+00:00,1c21be0f-7a41-4fd2-98f6-829a3308a50a,2025-07-30T14:11:00.709829+00:00
a7b2cc77-1810-4b19-b5df-8a6c7023de32,Synth Product 337,Beauty,ART-302152,332,33,410,17,36,3,ok,2025-11-10T14:11:00.710068+00:00,1c21be0f-7a41-4fd2-98f6-829a3308a50a,2025-03-17T14:11:00.710068+00:00
2c6ad851-8d7a-46e5-9e63-c418bbcc2a84,Synth Product 338,Beauty,ART-238980,94,9,383,6,10,4,ok,2025-11-10T14:11:00.710323+00:00,68db2e0c-1613-41ae-a22c-4959cbb08fe6,2025-06-26T14:11:00.710323+00:00
d1f47c89-b793-4176-ab03-6d59198c9dc4,Synth Product 339,Auto,ART-754885,288,28,385,15,9,7,ok,2025-11-10T14:11:00.710622+00:00,68db2e0c-1613-41ae-a22c-4959cbb08fe6,2024-12-06T14:11:00.710622+00:00
872924a2-98f8-4266-80f3-3a841f4adad9,Synth Product 340,Beauty,ART-530563,388,38,527,16,8,4,ok,2025-11-10T14:11:00.710914+00:00,68db2e0c-1613-41ae-a22c-4959cbb08fe6,2025-07-02T14:11:00.710914+00:00
7ac9968e-3711-47c5-87fb-a715e27c460d,Synth Product 341,Electronics,ART-736373,188,18,333,11,41,7,ok,2025-11-10T14:11:00.711193+00:00,68db2e0c-1613-41ae-a22c-4959cbb08fe6,2025-08-17T14:11:00.711193+00:00
027a790b-0fa7-428e-b415-a9da3fd15def,Synth Product 342,Home,ART-803989,240,24,410,12,37,1,ok,2025-11-10T14:11:00.711482+00:00,68db2e0c-1613-41ae-a22c-4959cbb08fe6,2024-12-14T14:11:00.711482+00:00
f89a53cf-d095-441e-8b11-12b113cd9940,Synth Product 343,Beauty,ART-349161,251,25,410,5,17,4,ok,2025-11-10T14:11:00.711756+00:00,68db2e0c-1613-41ae-a22c-4959cbb08fe6,2025-08-05T14:11:00.711756+00:00
4593bcae-fd3f-4cd7-9557-fa8c75dedfd9,Synth Product 344,Tools,ART-452853,154,15,320,14,12,9,ok,2025-11-10T14:11:00.711963+00:00,68db2e0c-1613-41ae-a22c-4959cbb08fe6,2025-01-06T14:11:00.711963+00:00
ead6103a-bc22-4e10-bfd2-d978c23b1853,Synth Product 345,Home,ART-428946,191,19,286,3,1,4,ok,2025-11-10T14:11:00.712248+00:00,68db2e0c-1613-41ae-a22c-4959cbb08fe6,2025-01-25T14:11:00.712248+00:00
321df7b3-70e4-4d5b-8ba3-0bfd9d17390f,Synth Product 346,Auto,ART-312397,437,43,579,11,38,1,ok,2025-11-10T14:11:00.712515+00:00,68db2e0c-1613-41ae-a22c-4959cbb08fe6,2024-11-01T14:11:00.712515+00:00
fa5d1b21-a1b0-49be-8714-4c5976b4faa6,Synth Product 347,Grocery,ART-121301,274,27,481,17,31,9,ok,2025-11-10T14:11:00.712799+00:00,1c21be0f-7a41-4fd2-98f6-829a3308a50a,2025-04-20T14:11:00.712799+00:00
8e171ed2-e8b2-4e84-b398-852e94947839,Synth Product 348,Beauty,ART-917746,248,24,520,10,39,4,ok,2025-11-10T14:11:00.713014+00:00,1c21be0f-7a41-4fd2-98f6-829a3308a50a,2025-04-24T14:11:00.713014+00:00
ce8a0508-16b2-4493-8e94-138c04efd1fc,Synth Product 349,Electronics,ART-622585,86,8,313,10,23,5,ok,2025-11-10T14:11:00.713287+00:00,78b74b5c-e459-4f23-b196-79e2b104375d,2025-04-12T14:11:00.713287+00:00
5adab18e-7320-4e00-927a-989014c13bfc,Synth Product 350,Beauty,ART-596945,253,25,445,13,41,9,ok,2025-11-10T14:11:00.713515+00:00,1c21be0f-7a41-4fd2-98f6-829a3308a50a,2025-09-01T14:11:00.713515+00:00
7f6064cf-9160-42f7-aaad-e01677a758f9,Synth Product 351,Beauty,ART-161822,151,15,250,17,38,9,ok,2025-11-10T14:11:00.713799+00:00,78b74b5c-e459-4f23-b196-79e2b104375d,2025-02-06T14:11:00.713799+00:00
aa1e88fd-fa58-4be8-8306-2326e5f26a47,Synth Product 352,Home,ART-382912,103,10,375,3,20,7,ok,2025-11-10T14:11:00.714189+00:00,78b74b5c-e459-4f23-b196-79e2b104375d,2025-07-04T14:11:00.714189+00:00
8388d079-d22e-4075-84f7-32be55b2e886,Synth Product 353,Auto,ART-488660,322,32,529,7,49,6,ok,2025-11-10T14:11:00.715248+00:00,78b74b5c-e459-4f23-b196-79e2b104375d,2025-02-26T14:11:00.715248+00:00
c97933fa-ae8f-41d1-a73b-9024c302a8d0,Synth Product 354,Home,ART-275666,146,14,238,15,3,6,ok,2025-11-10T14:11:00.715572+00:00,68db2e0c-1613-41ae-a22c-4959cbb08fe6,2024-10-25T14:11:00.715572+00:00
893d2ff0-9590-4300-879b-cc5a10034470,Synth Product 355,Beauty,ART-102833,231,23,295,13,33,2,ok,2025-11-10T14:11:00.715772+00:00,78b74b5c-e459-4f23-b196-79e2b104375d,2025-01-11T14:11:00.715772+00:00
239b297d-94e3-4400-b9a4-1b1604be3884,Synth Product 356,Auto,ART-338240,151,15,403,18,45,7,ok,2025-11-10T14:11:00.715938+00:00,68db2e0c-1613-41ae-a22c-4959cbb08fe6,2025-08-21T14:11:00.715938+00:00
1225eea7-b9c2-4dd1-992b-ded7dcced21a,Synth Product 357,Beauty,ART-478241,354,35,653,5,48,3,ok,2025-11-10T14:11:00.716113+00:00,68db2e0c-1613-41ae-a22c-4959cbb08fe6,2025-06-07T14:11:00.716113+00:00
0bd33220-6ec5-4477-b2cf-413608b0ed3f,Synth Product 358,Electronics,ART-486960,302,30,418,19,22,7,ok,2025-11-10T14:11:00.716274+00:00,78b74b5c-e459-4f23-b196-79e2b104375d,2025-07-10T14:11:00.716274+00:00
bca92645-2c9e-4313-a869-7fc70ce2aaf6,Synth Product 359,Beauty,ART-620939,399,39,601,8,37,8,ok,2025-11-10T14:11:00.716428+00:00,78b74b5c-e459-4f23-b196-79e2b104375d,2024-12-04T14:11:00.716428+00:00
d2cf6759-a902-439f-8f76-891ed2dd46ba,Synth Product 360,Grocery,ART-614050,354,35,405,7,49,8,ok,2025-11-10T14:11:00.716602+00:00,68db2e0c-1613-41ae-a22c-4959cbb08fe6,2025-09-27T14:11:00.716602+00:00
e342c4a4-2699-43fc-92a2-0d86c8b7c685,Synth Product 361,Toys,ART-755986,143,14,417,16,38,1,ok,2025-11-10T14:11:00.716815+00:00,68db2e0c-1613-41ae-a22c-4959cbb08fe6,2025-08-21T14:11:00.716815+00:00
a485899c-e7a0-4bc5-a465-de6f400fd795,Synth Product 362,Home,ART-434388,202,20,438,5,10,2,ok,2025-11-10T14:11:00.716980+00:00,1c21be0f-7a41-4fd2-98f6-829a3308a50a,2025-07-31T14:11:00.716980+00:00
03ba3e96-c2c1-4648-9de3-1d4533083a7e,Synth Product 363,Toys,ART-766953,234,23,392,17,26,6,ok,2025-11-10T14:11:00.717147+00:00,1c21be0f-7a41-4fd2-98f6-829a3308a50a,2025-01-11T14:11:00.717147+00:00
003c0787-8c6a-4bd9-8a23-f67dfa80f3fe,Synth Product 364,Home,ART-470658,110,11,405,13,20,3,ok,2025-11-10T14:11:00.717561+00:00,78b74b5c-e459-4f23-b196-79e2b104375d,2024-11-04T14:11:00.717561+00:00
5cbd5c7b-b667-4c26-ba49-c83a670bfbac,Synth Product 365,Beauty,ART-178278,160,16,458,15,48,1,ok,2025-11-10T14:11:00.719550+00:00,68db2e0c-1613-41ae-a22c-4959cbb08fe6,2025-05-11T14:11:00.719550+00:00
9bf8ca3f-5fab-47b1-93f6-82e8e86d30d2,Synth Product 366,Home,ART-266837,108,10,208,8,23,3,ok,2025-11-10T14:11:00.720110+00:00,1c21be0f-7a41-4fd2-98f6-829a3308a50a,2025-06-26T14:11:00.720110+00:00
e4508be3-8aa9-421a-9423-9c69855683eb,Synth Product 367,Auto,ART-584969,408,40,510,16,32,3,ok,2025-11-10T14:11:00.720451+00:00,68db2e0c-1613-41ae-a22c-4959cbb08fe6,2025-03-03T14:11:00.720451+00:00
9f542d83-9504-4c55-a926-3b725429e2a9,Synth Product 368,Home,ART-221534,103,10,216,1,47,5,ok,2025-11-10T14:11:00.720702+00:00,68db2e0c-1613-41ae-a22c-4959cbb08fe6,2025-05-16T14:11:00.720702+00:00
ceb27c96-3e13-493f-955b-79921fe06ca8,Synth Product 369,Beauty,ART-668828,151,15,301,8,13,1,ok,2025-11-10T14:11:00.721203+00:00,78b74b5c-e459-4f23-b196-79e2b104375d,2025-09-10T14:11:00.721203+00:00
242499d7-15d8-4db6-a460-dc0c11812667,Synth Product 370,Toys,ART-804613,403,40,612,4,11,4,ok,2025-11-10T14:11:00.721525+00:00,68db2e0c-1613-41ae-a22c-4959cbb08fe6,2024-11-06T14:11:00.721525+00:00
c6122101-3ba2-4257-87ab-6a031c1c952b,Synth Product 371,Beauty,ART-165231,432,43,544,5,26,1,ok,2025-11-10T14:11:00.721923+00:00,1c21be0f-7a41-4fd2-98f6-829a3308a50a,2024-11-28T14:11:00.721923+00:00
7395d1e4-8486-4138-9058-7e0a3586c02f,Synth Product 372,Electronics,ART-657024,293,29,419,11,38,6,ok,2025-11-10T14:11:00.722351+00:00,78b74b5c-e459-4f23-b196-79e2b104375d,2025-08-25T14:11:00.722351+00:00
23850047-5cff-49d6-b70c-8eeed066db0f,Synth Product 373,Auto,ART-195352,401,40,490,14,48,4,ok,2025-11-10T14:11:00.722849+00:00,68db2e0c-1613-41ae-a22c-4959cbb08fe6,2025-09-21T14:11:00.722849+00:00
889550c8-dc0a-4736-b55b-ee5fd9a8b056,Synth Product 374,Auto,ART-770293,134,13,315,1,41,2,ok,2025-11-10T14:11:00.723370+00:00,78b74b5c-e459-4f23-b196-79e2b104375d,2025-01-07T14:11:00.723370+00:00
ba1feaaa-d43f-401b-b499-7e15f58a6590,Synth Product 375,Electronics,ART-988104,179,17,334,5,16,5,ok,2025-11-10T14:11:00.723853+00:00,1c21be0f-7a41-4fd2-98f6-829a3308a50a,2025-02-05T14:11:00.723853+00:00
8e00ae37-d61c-4dd1-8eef-8b454b03dc50,Synth Product 376,Auto,ART-455591,277,27,472,16,39,9,ok,2025-11-10T14:11:00.724197+00:00,1c21be0f-7a41-4fd2-98f6-829a3308a50a,2024-11-08T14:11:00.724197+00:00
cb278235-15c5-4197-a217-e2a38b449036,Synth Product 377,Beauty,ART-360551,161,16,404,13,13,5,ok,2025-11-10T14:11:00.724492+00:00,78b74b5c-e459-4f23-b196-79e2b104375d,2024-12-21T14:11:00.724492+00:00
b5fede3a-2cff-4c4f-97e7-c2cf50fa18ee,Synth Product 378,Toys,ART-964562,201,20,449,1,36,8,ok,2025-11-10T14:11:00.724810+00:00,68db2e0c-1613-41ae-a22c-4959cbb08fe6,2024-11-06T14:11:00.724810+00:00
f5798edb-184d-4c6b-8ce0-24e00f0e3fff,Synth Product 379,Tools,ART-419987,492,49,640,13,33,5,ok,2025-11-10T14:11:00.725123+00:00,68db2e0c-1613-41ae-a22c-4959cbb08fe6,2025-09-15T14:11:00.725123+00:00
335c1bad-97f6-412d-ac73-076acc7d837a,Synth Product 380,Grocery,ART-471137,149,14,222,12,43,1,ok,2025-11-10T14:11:00.725350+00:00,78b74b5c-e459-4f23-b196-79e2b104375d,2025-06-28T14:11:00.725350+00:00
c1750283-8675-446a-9ef4-5a34ac6c5056,Synth Product 381,Tools,ART-649054,404,40,604,19,24,8,ok,2025-11-10T14:11:00.725703+00:00,1c21be0f-7a41-4fd2-98f6-829a3308a50a,2024-12-27T14:11:00.725703+00:00
a0bd9dba-d308-4ea0-8a5d-1c70f4b02469,Synth Product 382,Home,ART-403170,162,16,404,5,30,3,ok,2025-11-10T14:11:00.725909+00:00,68db2e0c-1613-41ae-a22c-4959cbb08fe6,2025-02-10T14:11:00.725909+00:00
11704925-16ff-452c-aedb-5ddd7ceb4d86,Synth Product 383,Electronics,ART-509909,423,42,709,5,45,7,ok,2025-11-10T14:11:00.726072+00:00,78b74b5c-e459-4f23-b196-79e2b104375d,2025-06-15T14:11:00.726072+00:00
d703fef6-8273-4bb6-b438-0778309c6c73,Synth Product 384,Toys,ART-149688,322,32,495,9,18,8,ok,2025-11-10T14:11:00.726234+00:00,1c21be0f-7a41-4fd2-98f6-829a3308a50a,2024-11-25T14:11:00.726234+00:00
f452fecd-341a-4514-8033-f2d23301d0e1,Synth Product 385,Tools,ART-474731,63,6,323,18,43,1,ok,2025-11-10T14:11:00.726458+00:00,78b74b5c-e459-4f23-b196-79e2b104375d,2025-05-31T14:11:00.726458+00:00
37a9d9ae-b798-428a-a921-7bef69965cff,Synth Product 386,Toys,ART-879947,292,29,406,5,37,7,ok,2025-11-10T14:11:00.726631+00:00,78b74b5c-e459-4f23-b196-79e2b104375d,2024-11-18T14:11:00.726631+00:00
8ea8b244-090c-4bf1-adae-a8d4dc64525a,Synth Product 387,Toys,ART-468581,147,14,333,15,40,3,ok,2025-11-10T14:11:00.726835+00:00,68db2e0c-1613-41ae-a22c-4959cbb08fe6,2024-12-21T14:11:00.726835+00:00
8b5b6497-0521-4c61-9ed5-edf13977a205,Synth Product 388,Tools,ART-962662,233,23,289,9,35,1,ok,2025-11-10T14:11:00.727021+00:00,68db2e0c-1613-41ae-a22c-4959cbb08fe6,2025-02-18T14:11:00.727021+00:00
b0681a76-0b53-49bb-9bac-a49f082b5d1d,Synth Product 389,Toys,ART-192544,384,38,666,10,7,5,ok,2025-11-10T14:11:00.727177+00:00,1c21be0f-7a41-4fd2-98f6-829a3308a50a,2025-09-19T14:11:00.727177+00:00
6c8bf7c4-7d8c-4bb0-9c43-76df362a8617,Synth Product 390,Electronics,ART-899251,189,18,289,16,40,1,ok,2025-11-10T14:11:00.727332+00:00,1c21be0f-7a41-4fd2-98f6-829a3308a50a,2025-06-04T14:11:00.727332+00:00
682cb54a-79ba-493c-9aa9-0184ab5e8682,Synth Product 391,Electronics,ART-336800,310,31,392,19,9,9,ok,2025-11-10T14:11:00.727528+00:00,78b74b5c-e459-4f23-b196-79e2b104375d,2025-02-03T14:11:00.727528+00:00
070a204a-4d2f-4f09-a1f5-7c86b16484a2,Synth Product 392,Beauty,ART-252221,421,42,554,6,11,2,ok,2025-11-10T14:11:00.727692+00:00,78b74b5c-e459-4f23-b196-79e2b104375d,2025-09-08T14:11:00.727692+00:00
fdc7d15b-a5da-41a5-a100-6fb131db1f7d,Synth Product 393,Electronics,ART-155148,104,10,249,19,5,1,ok,2025-11-10T14:11:00.727867+00:00,68db2e0c-1613-41ae-a22c-4959cbb08fe6,2025-09-30T14:11:00.727867+00:00
1467102b-d621-44d7-a8f4-6c23692a2eba,Synth Product 394,Beauty,ART-622215,287,28,543,2,38,1,ok,2025-11-10T14:11:00.728031+00:00,68db2e0c-1613-41ae-a22c-4959cbb08fe6,2025-02-20T14:11:00.728031+00:00
b1c5b17f-10b9-4942-9fcc-f1d752051c86,Synth Product 395,Grocery,ART-495995,446,44,572,10,47,7,ok,2025-11-10T14:11:00.728408+00:00,1c21be0f-7a41-4fd2-98f6-829a3308a50a,2025-05-11T14:11:00.728408+00:00
d1064aab-a333-4181-ba9d-2ad50423d264,Synth Product 396,Home,ART-520886,367,36,503,2,9,4,ok,2025-11-10T14:11:00.728699+00:00,1c21be0f-7a41-4fd2-98f6-829a3308a50a,2024-12-21T14:11:00.728699+00:00
e28f85f0-ed6a-4e95-bfe2-d02a69531aa6,Synth Product 397,Home,ART-779718,167,16,322,5,40,8,ok,2025-11-10T14:11:00.728890+00:00,78b74b5c-e459-4f23-b196-79e2b104375d,2025-01-30T14:11:00.728890+00:00
1ee11679-3a4b-4791-a725-2eb340e87f2d,Synth Product 398,Grocery,ART-870767,478,47,699,17,4,8,ok,2025-11-10T14:11:00.729119+00:00,68db2e0c-1613-41ae-a22c-4959cbb08fe6,2025-01-01T14:11:00.729119+00:00
d8a0a1be-39c0-431e-84be-fb2ec8dc074f,Synth Product 399,Home,ART-507173,188,18,426,14,32,9,ok,2025-11-10T14:11:00.729333+00:00,68db2e0c-1613-41ae-a22c-4959cbb08fe6,2025-08-31T14:11:00.729333+00:00
684c89ba-4404-49a2-9953-6c09c6adafea,Synth Product 400,Home,ART-360850,493,49,685,7,28,3,ok,2025-11-10T14:11:00.729555+00:00,68db2e0c-1613-41ae-a22c-4959cbb08fe6,2025-02-23T14:11:00.729555+00:00
