"id","product_id","product_name","warehouse_id","depletion_at","depletion_at_p10","depletion_at_p90","p_deplete_within","predicted_at"
1,"346ecba5-7fb9-4928-a713-3e284b965b8a","346ecba5-7fb9-4928-a713-3e284b965b8a","1c21be0f-7a41-4fd2-98f6-829a3308a50a","2025-11-14 18:40:49.794649+00","","","","2025-11-10 18:39:44.569516+00"
2,"49378fe4-af76-4db9-95c4-9a4e2e1bc4c4","49378fe4-af76-4db9-95c4-9a4e2e1bc4c4","1c21be0f-7a41-4fd2-98f6-829a3308a50a","2025-11-14 18:40:56.506687+00","","","","2025-11-10 18:39:44.569516+00"
3,"a949cd9b-3582-4832-983f-6947b2bcdf8f","a949cd9b-3582-4832-983f-6947b2bcdf8f","1c21be0f-7a41-4fd2-98f6-829a3308a50a","2025-11-14 18:41:03.705495+00","","","","2025-11-10 18:39:44.569516+00"
4,"e35f4e21-73b7-4ce2-913f-aee15035ae2e","e35f4e21-73b7-4ce2-913f-aee15035ae2e","1c21be0f-7a41-4fd2-98f6-829a3308a50a","2025-11-13 18:41:11.260185+00","","","","2025-11-10 18:39:44.569516+00"
5,"0afffd9c-49a3-4dcf-a52c-1c1f1da71df5","0afffd9c-49a3-4dcf-a52c-1c1f1da71df5","1c21be0f-7a41-4fd2-98f6-829a3308a50a","2025-11-13 18:41:18.451488+00","","","","2025-11-10 18:39:44.569516+00"
6,"7ec3d6f4-eb7f-464d-8fcc-ede9b8711d9a","7ec3d6f4-eb7f-464d-8fcc-ede9b8711d9a","1c21be0f-7a41-4fd2-98f6-829a3308a50a","2025-11-14 18:41:25.538858+00","","","","2025-11-10 18:39:44.569516+00"
7,"c183a6b0-a199-4cb4-8a6d-e6352ebcd58d","c183a6b0-a199-4cb4-8a6d-e6352ebcd58d","1c21be0f-7a41-4fd2-98f6-829a3308a50a","2025-11-13 18:41:32.870288+00","","","","2025-11-10 18:39:44.569516+00"
8,"ccd26e38-858a-4ec3-a26b-73c3f0544958","ccd26e38-858a-4ec3-a26b-73c3f0544958","1c21be0f-7a41-4fd2-98f6-829a3308a50a","2025-11-13 18:41:40.100494+00","","","","2025-11-10 18:39:44.569516+00"
9,"7d4238bd-8367-440c-af07-774cd724bbbd","7d4238bd-8367-440c-af07-774cd724bbbd","1c21be0f-7a41-4fd2-98f6-829a3308a50a","2025-11-14 18:41:47.858219+00","","","","2025-11-10 18:39:44.569516+00"
